  0
SECTION
  2
HEADER
  9
$ACADVER
  1
AC1032
  9
$ACADMAINTVER
 90
       55
  9
$DWGCODEPAGE
  3
ANSI_1252
  9
$LASTSAVEDBY
  1
Himani
  9
$REQUIREDVERSIONS
160
                 0
  9
$INSBASE
 10
110017.7904625218
 20
1597483.009431693
 30
0.0
  9
$EXTMIN
 10
109894.4809911645
 20
1597388.649965175
 30
-1028.876689218218
  9
$EXTMAX
 10
111073.4014271414
 20
1597888.059194877
 30
3020308.107812748
  9
$LIMMIN
 10
0.0
 20
0.0
  9
$LIMMAX
 10
12.0
 20
9.0
  9
$ORTHOMODE
 70
     0
  9
$REGENMODE
 70
     1
  9
$FILLMODE
 70
     1
  9
$QTEXTMODE
 70
     0
  9
$MIRRTEXT
 70
     0
  9
$LTSCALE
 40
1.0
  9
$ATTMODE
 70
     1
  9
$TEXTSIZE
 40
0.2
  9
$TRACEWID
 40
0.05
  9
$TEXTSTYLE
  7
Standard
  9
$CLAYER
  8
DRAINAGE
  9
$CELTYPE
  6
ByLayer
  9
$CECOLOR
 62
     5
  9
$CELTSCALE
 40
1.0
  9
$DISPSILH
 70
     0
  9
$DIMSCALE
 40
1.0
  9
$DIMASZ
 40
0.18
  9
$DIMEXO
 40
0.0625
  9
$DIMDLI
 40
0.38
  9
$DIMRND
 40
0.0
  9
$DIMDLE
 40
0.0
  9
$DIMEXE
 40
0.18
  9
$DIMTP
 40
0.0
  9
$DIMTM
 40
0.0
  9
$DIMTXT
 40
0.18
  9
$DIMCEN
 40
0.09
  9
$DIMTSZ
 40
0.0
  9
$DIMTOL
 70
     0
  9
$DIMLIM
 70
     0
  9
$DIMTIH
 70
     0
  9
$DIMTOH
 70
     0
  9
$DIMSE1
 70
     0
  9
$DIMSE2
 70
     0
  9
$DIMTAD
 70
     0
  9
$DIMZIN
 70
     0
  9
$DIMBLK
  1
ArchTick
  9
$DIMASO
 70
     1
  9
$DIMSHO
 70
     1
  9
$DIMPOST
  1

  9
$DIMAPOST
  1

  9
$DIMALT
 70
     0
  9
$DIMALTD
 70
     2
  9
$DIMALTF
 40
25.4
  9
$DIMLFAC
 40
1.0
  9
$DIMTOFL
 70
     0
  9
$DIMTVP
 40
0.0
  9
$DIMTIX
 70
     0
  9
$DIMSOXD
 70
     0
  9
$DIMSAH
 70
     0
  9
$DIMBLK1
  1

  9
$DIMBLK2
  1

  9
$DIMSTYLE
  2
Standard
  9
$DIMCLRD
 70
     0
  9
$DIMCLRE
 70
     0
  9
$DIMCLRT
 70
     0
  9
$DIMTFAC
 40
1.0
  9
$DIMGAP
 40
0.09
  9
$DIMJUST
 70
     0
  9
$DIMSD1
 70
     0
  9
$DIMSD2
 70
     0
  9
$DIMTOLJ
 70
     1
  9
$DIMTZIN
 70
     0
  9
$DIMALTZ
 70
     0
  9
$DIMALTTZ
 70
     0
  9
$DIMUPT
 70
     0
  9
$DIMDEC
 70
     2
  9
$DIMTDEC
 70
     2
  9
$DIMALTU
 70
     2
  9
$DIMALTTD
 70
     2
  9
$DIMTXSTY
  7
Standard
  9
$DIMAUNIT
 70
     0
  9
$DIMADEC
 70
     0
  9
$DIMALTRND
 40
0.0
  9
$DIMAZIN
 70
     0
  9
$DIMDSEP
 70
    46
  9
$DIMATFIT
 70
     3
  9
$DIMFRAC
 70
     0
  9
$DIMLDRBLK
  1
ArchTick
  9
$DIMLUNIT
 70
     2
  9
$DIMLWD
 70
    -2
  9
$DIMLWE
 70
    -2
  9
$DIMTMOVE
 70
     0
  9
$DIMFXL
 40
0.1
  9
$DIMFXLON
 70
     1
  9
$DIMJOGANG
 40
1.570796326794897
  9
$DIMTFILL
 70
     0
  9
$DIMTFILLCLR
 70
     0
  9
$DIMARCSYM
 70
     1
  9
$DIMLTYPE
  6
ByLayer
  9
$DIMLTEX1
  6
ByLayer
  9
$DIMLTEX2
  6
ByLayer
  9
$DIMTXTDIRECTION
 70
     0
  9
$LUNITS
 70
     2
  9
$LUPREC
 70
     2
  9
$SKETCHINC
 40
0.1
  9
$FILLETRAD
 40
0.0
  9
$AUNITS
 70
     0
  9
$AUPREC
 70
     0
  9
$MENU
  1
.
  9
$ELEVATION
 40
0.0
  9
$PELEVATION
 40
0.0
  9
$THICKNESS
 40
0.0
  9
$LIMCHECK
 70
     0
  9
$CHAMFERA
 40
0.0
  9
$CHAMFERB
 40
0.0
  9
$CHAMFERC
 40
0.0
  9
$CHAMFERD
 40
0.0
  9
$SKPOLY
 70
     0
  9
$TDCREATE
 40
2459174.465486111
  9
$TDUCREATE
 40
2459174.236319445
  9
$TDUPDATE
 40
2461250.658939803
  9
$TDUUPDATE
 40
2461250.429773137
  9
$TDINDWG
 40
17.9533090162
  9
$TDUSRTIMER
 40
17.9533090162
  9
$USRTIMER
 70
     1
  9
$ANGBASE
 50
0.0
  9
$ANGDIR
 70
     0
  9
$PDMODE
 70
     2
  9
$PDSIZE
 40
0.0
  9
$PLINEWID
 40
0.0
  9
$SPLFRAME
 70
     0
  9
$SPLINETYPE
 70
     6
  9
$SPLINESEGS
 70
     8
  9
$HANDSEED
  5
1F3
  9
$SURFTAB1
 70
     6
  9
$SURFTAB2
 70
     6
  9
$SURFTYPE
 70
     6
  9
$SURFU
 70
     6
  9
$SURFV
 70
     6
  9
$UCSBASE
  2

  9
$UCSNAME
  2

  9
$UCSORG
 10
0.0
 20
0.0
 30
0.0
  9
$UCSXDIR
 10
1.0
 20
0.0
 30
0.0
  9
$UCSYDIR
 10
0.0
 20
1.0
 30
0.0
  9
$UCSORTHOREF
  2

  9
$UCSORTHOVIEW
 70
     0
  9
$UCSORGTOP
 10
0.0
 20
0.0
 30
0.0
  9
$UCSORGBOTTOM
 10
0.0
 20
0.0
 30
0.0
  9
$UCSORGLEFT
 10
0.0
 20
0.0
 30
0.0
  9
$UCSORGRIGHT
 10
0.0
 20
0.0
 30
0.0
  9
$UCSORGFRONT
 10
0.0
 20
0.0
 30
0.0
  9
$UCSORGBACK
 10
0.0
 20
0.0
 30
0.0
  9
$PUCSBASE
  2

  9
$PUCSNAME
  2

  9
$PUCSORG
 10
0.0
 20
0.0
 30
0.0
  9
$PUCSXDIR
 10
1.0
 20
0.0
 30
0.0
  9
$PUCSYDIR
 10
0.0
 20
1.0
 30
0.0
  9
$PUCSORTHOREF
  2

  9
$PUCSORTHOVIEW
 70
     0
  9
$PUCSORGTOP
 10
0.0
 20
0.0
 30
0.0
  9
$PUCSORGBOTTOM
 10
0.0
 20
0.0
 30
0.0
  9
$PUCSORGLEFT
 10
0.0
 20
0.0
 30
0.0
  9
$PUCSORGRIGHT
 10
0.0
 20
0.0
 30
0.0
  9
$PUCSORGFRONT
 10
0.0
 20
0.0
 30
0.0
  9
$PUCSORGBACK
 10
0.0
 20
0.0
 30
0.0
  9
$USERI1
 70
     0
  9
$USERI2
 70
     0
  9
$USERI3
 70
     0
  9
$USERI4
 70
     0
  9
$USERI5
 70
     0
  9
$USERR1
 40
0.0
  9
$USERR2
 40
0.0
  9
$USERR3
 40
0.0
  9
$USERR4
 40
0.0
  9
$USERR5
 40
0.0
  9
$WORLDVIEW
 70
     1
  9
$SHADEDGE
 70
     3
  9
$SHADEDIF
 70
    70
  9
$TILEMODE
 70
     1
  9
$MAXACTVP
 70
    64
  9
$PINSBASE
 10
0.0
 20
0.0
 30
0.0
  9
$PLIMCHECK
 70
     0
  9
$PEXTMIN
 10
1.049636599258097
 20
0.7996597240971077
 30
-0.0000000349181948
  9
$PEXTMAX
 10
9.450362731076972
 20
7.200340082697455
 30
0.0000000814935746
  9
$PLIMMIN
 10
-0.2500002402958907
 20
-0.2499999962453767
  9
$PLIMMAX
 10
10.74999951940822
 20
8.249999763458733
  9
$UNITMODE
 70
     0
  9
$VISRETAIN
 70
     1
  9
$PLINEGEN
 70
     0
  9
$PSLTSCALE
 70
     1
  9
$TREEDEPTH
 70
  3020
  9
$CMLSTYLE
  2
Standard
  9
$CMLJUST
 70
     0
  9
$CMLSCALE
 40
1.0
  9
$PROXYGRAPHICS
 70
     1
  9
$MEASUREMENT
 70
     0
  9
$CELWEIGHT
370
    -1
  9
$ENDCAPS
280
     0
  9
$JOINSTYLE
280
     0
  9
$LWDISPLAY
290
     0
  9
$INSUNITS
 70
     6
  9
$HYPERLINKBASE
  1

  9
$STYLESHEET
  1

  9
$XEDIT
290
     1
  9
$CEPSNTYPE
380
     0
  9
$PSTYLEMODE
290
     1
  9
$FINGERPRINTGUID
  2
{94ED2933-8ED9-FB4A-8FA3-6F4B6659409C}
  9
$VERSIONGUID
  2
{5D037887-BD72-EE40-B791-1094BAB625F8}
  9
$EXTNAMES
290
     1
  9
$PSVPSCALE
 40
0.0
  9
$OLESTARTUP
290
     0
  9
$SORTENTS
280
   127
  9
$INDEXCTL
280
     0
  9
$HIDETEXT
280
     1
  9
$XCLIPFRAME
280
     2
  9
$HALOGAP
280
     0
  9
$OBSCOLOR
 70
   257
  9
$OBSLTYPE
280
     0
  9
$INTERSECTIONDISPLAY
280
     0
  9
$INTERSECTIONCOLOR
 70
   257
  9
$DIMASSOC
280
     2
  9
$PROJECTNAME
  1

  9
$CAMERADISPLAY
290
     0
  9
$LENSLENGTH
 40
50.0
  9
$CAMERAHEIGHT
 40
0.0
  9
$STEPSPERSEC
 40
2.0
  9
$STEPSIZE
 40
6.0
  9
$3DDWFPREC
 40
2.0
  9
$PSOLWIDTH
 40
0.25
  9
$PSOLHEIGHT
 40
4.0
  9
$LOFTANG1
 40
1.570796326794897
  9
$LOFTANG2
 40
1.570796326794897
  9
$LOFTMAG1
 40
0.0
  9
$LOFTMAG2
 40
0.0
  9
$LOFTPARAM
 70
     7
  9
$LOFTNORMALS
280
     1
  9
$LATITUDE
 40
37.795
  9
$LONGITUDE
 40
-122.394
  9
$NORTHDIRECTION
 40
0.0
  9
$TIMEZONE
 70
 -8000
  9
$LIGHTGLYPHDISPLAY
280
     1
  9
$TILEMODELIGHTSYNCH
280
     1
  9
$CMATERIAL
347
4C
  9
$SOLIDHIST
280
     0
  9
$SHOWHIST
280
     1
  9
$DWFFRAME
280
     2
  9
$DGNFRAME
280
     0
  9
$REALWORLDSCALE
290
     1
  9
$INTERFERECOLOR
 62
     1
  9
$INTERFEREOBJVS
345
77
  9
$INTERFEREVPVS
346
78
  9
$CSHADOW
280
     0
  9
$SHADOWPLANELOCATION
 40
0.0
  0
ENDSEC
  0
SECTION
  2
CLASSES
  0
CLASS
  1
ACDBDICTIONARYWDFLT
  2
AcDbDictionaryWithDefault
  3
ObjectDBX Classes
 90
        0
 91
        3
280
     0
281
     0
  0
CLASS
  1
ACDBPLACEHOLDER
  2
AcDbPlaceHolder
  3
ObjectDBX Classes
 90
        0
 91
        1
280
     0
281
     0
  0
CLASS
  1
LAYOUT
  2
AcDbLayout
  3
ObjectDBX Classes
 90
        0
 91
        1
280
     0
281
     0
  0
CLASS
  1
DICTIONARYVAR
  2
AcDbDictionaryVar
  3
ObjectDBX Classes
 90
        0
 91
        3
280
     0
281
     0
  0
CLASS
  1
TABLESTYLE
  2
AcDbTableStyle
  3
ObjectDBX Classes
 90
     4095
 91
        3
280
     0
281
     0
  0
CLASS
  1
MATERIAL
  2
AcDbMaterial
  3
ObjectDBX Classes
 90
     1153
 91
        3
280
     0
281
     0
  0
CLASS
  1
VISUALSTYLE
  2
AcDbVisualStyle
  3
ObjectDBX Classes
 90
     4095
 91
        3
280
     0
281
     0
  0
CLASS
  1
SCALE
  2
AcDbScale
  3
ObjectDBX Classes
 90
     1153
 91
        3
280
     0
281
     0
  0
CLASS
  1
MLEADERSTYLE
  2
AcDbMLeaderStyle
  3
ACDB_MLEADERSTYLE_CLASS
 90
     4095
 91
        3
280
     0
281
     0
  0
CLASS
  1
CELLSTYLEMAP
  2
AcDbCellStyleMap
  3
ObjectDBX Classes
 90
     1152
 91
        3
280
     0
281
     0
  0
CLASS
  1
EXACXREFPANELOBJECT
  2
ExAcXREFPanelObject
  3
EXAC_ESW
 90
     1025
 91
        1
280
     1
281
     0
  0
CLASS
  1
NPOCOLLECTION
  2
AcDbImpNonPersistentObjectsCollection
  3
ObjectDBX Classes
 90
     1153
 91
        1
280
     1
281
     0
  0
CLASS
  1
LAYER_INDEX
  2
AcDbLayerIndex
  3
ObjectDBX Classes
 90
        0
 91
        3
280
     0
281
     0
  0
CLASS
  1
SPATIAL_INDEX
  2
AcDbSpatialIndex
  3
AutoCAD 2000
 90
        0
 91
        3
280
     0
281
     0
  0
CLASS
  1
IDBUFFER
  2
AcDbIdBuffer
  3
ObjectDBX Classes
 90
        0
 91
        3
280
     0
281
     0
  0
CLASS
  1
ACDBSECTIONVIEWSTYLE
  2
AcDbSectionViewStyle
  3
ObjectDBX Classes
 90
     1025
 91
        3
280
     0
281
     0
  0
CLASS
  1
ACDBDETAILVIEWSTYLE
  2
AcDbDetailViewStyle
  3
ObjectDBX Classes
 90
     1025
 91
        3
280
     0
281
     0
  0
CLASS
  1
SORTENTSTABLE
  2
AcDbSortentsTable
  3
ObjectDBX Classes
 90
        0
 91
        3
280
     0
281
     0
  0
CLASS
  1
DIMASSOC
  2
AcDbDimAssoc
  3
"AcDbDimAssoc|Product Desc:     AcDim ARX App For Dimension|Company:          Autodesk, Inc.|WEB Address:      www.autodesk.com"
 90
        0
 91
        3
280
     0
281
     0
  0
CLASS
  1
ACAD_EVALUATION_GRAPH
  2
AcDbEvalGraph
  3
ObjectDBX Classes
 90
     1153
 91
        1
280
     1
281
     0
  0
CLASS
  1
ACAECUSTOBJ
  2
AcAeEditorObj
  3
AcAeEditorObj
 90
     1024
 91
        1
280
     1
281
     0
  0
CLASS
  1
ACDB_DYNAMICBLOCKPURGEPREVENTER_VERSION
  2
AcDbDynamicBlockPurgePreventer
  3
ObjectDBX Classes
 90
     1153
 91
        1
280
     1
281
     0
  0
CLASS
  1
ACAD_TABLE
  2
AcDbTable
  3
ObjectDBX Classes
 90
     1025
 91
        3
280
     0
281
     1
  0
CLASS
  1
IMAGE
  2
AcDbRasterImage
  3
ISM
 90
      127
 91
        4
280
     0
281
     1
  0
CLASS
  1
IMAGEDEF_REACTOR
  2
AcDbRasterImageDefReactor
  3
ISM
 90
        1
 91
        3
280
     0
281
     0
  0
CLASS
  1
IMAGEDEF
  2
AcDbRasterImageDef
  3
ISM
 90
        0
 91
        3
280
     0
281
     0
  0
CLASS
  1
RASTERVARIABLES
  2
AcDbRasterVariables
  3
ISM
 90
        0
 91
        3
280
     0
281
     0
  0
CLASS
  1
MULTILEADER
  2
AcDbMLeader
  3
ACDB_MLEADER_CLASS
 90
     1025
 91
        3
280
     0
281
     1
  0
CLASS
  1
TABLECONTENT
  2
AcDbTableContent
  3
ObjectDBX Classes
 90
     1152
 91
        4
280
     0
281
     0
  0
CLASS
  1
TABLEGEOMETRY
  2
AcDbTableGeometry
  3
ObjectDBX Classes
 90
     1152
 91
        3
280
     0
281
     0
  0
CLASS
  1
BLOCKLINEARCONSTRAINTPARAMETER
  2
AcDbBlockLinearConstraintParameter
  3
ObjectDBX Classes
 90
     1153
 91
        1
280
     1
281
     0
  0
CLASS
  1
BLOCKHORIZONTALCONSTRAINTPARAMETER
  2
AcDbBlockHorizontalConstraintParameter
  3
ObjectDBX Classes
 90
     1153
 91
        1
280
     1
281
     0
  0
CLASS
  1
ACDBASSOCNETWORK
  2
AcDbAssocNetwork
  3
ObjectDBX Classes
 90
     1025
 91
        1
280
     1
281
     0
  0
CLASS
  1
ACDBASSOCVARIABLE
  2
AcDbAssocVariable
  3
ObjectDBX Classes
 90
     1025
 91
        1
280
     1
281
     0
  0
CLASS
  1
ACDBASSOCVALUEDEPENDENCY
  2
AcDbAssocValueDependency
  3
ObjectDBX Classes
 90
     1025
 91
        1
280
     1
281
     0
  0
CLASS
  1
ACDBASSOCDEPENDENCY
  2
AcDbAssocDependency
  3
ObjectDBX Classes
 90
     1025
 91
        1
280
     1
281
     0
  0
CLASS
  1
BLOCKPARAMDEPENDENCYBODY
  2
AcDbBlockParameterDependencyBody
  3
ObjectDBX Classes
 90
        1
 91
        1
280
     1
281
     0
  0
CLASS
  1
ACDBASSOC2DCONSTRAINTGROUP
  2
AcDbAssoc2dConstraintGroup
  3
ObjectDBX Classes
 90
     1025
 91
        1
280
     1
281
     0
  0
CLASS
  1
ACDBASSOCGEOMDEPENDENCY
  2
AcDbAssocGeomDependency
  3
ObjectDBX Classes
 90
     1025
 91
        1
280
     1
281
     0
  0
CLASS
  1
BLOCKLINEARGRIP
  2
AcDbBlockLinearGrip
  3
ObjectDBX Classes
 90
     1153
 91
        1
280
     1
281
     0
  0
CLASS
  1
BLOCKGRIPLOCATIONCOMPONENT
  2
AcDbBlockGripExpr
  3
ObjectDBX Classes
 90
     1153
 91
        1
280
     1
281
     0
  0
CLASS
  1
LINEARGRIPENTITY
  2
AcDbBlockLinearGripEntity
  3
ObjectDBX Classes
 90
     1025
 91
        1
280
     1
281
     1
  0
CLASS
  1
ACAEEEMGROBJ
  2
AcAeEEMgrObj
  3
AcAeEEMgrObj
 90
     1024
 91
        1
280
     1
281
     0
  0
CLASS
  1
HORIZONTALCONSTRAINTPARAMETERENTITY
  2
AcDbBlockHorizontalConstraintParameterEntity
  3
ObjectDBX Classes
 90
     1025
 91
        1
280
     1
281
     1
  0
CLASS
  1
RAPIDRTRENDERSETTINGS
  2
AcDbRapidRTRenderSettings
  3
ObjectDBX Classes
 90
     1024
 91
        3
280
     0
281
     0
  0
CLASS
  1
FIELD
  2
AcDbField
  3
ObjectDBX Classes
 90
     1152
 91
        3
280
     0
281
     0
  0
CLASS
  1
FIELDLIST
  2
AcDbFieldList
  3
ObjectDBX Classes
 90
     1152
 91
        3
280
     0
281
     0
  0
CLASS
  1
SOLID_BACKGROUND
  2
AcDbSolidBackground
  3
SCENEOE
 90
     4095
 91
        3
280
     0
281
     0
  0
CLASS
  1
WIPEOUT
  2
AcDbWipeout
  3
WipeOut|AutoCAD Express Tool|expresstools@autodesk.com
 90
      127
 91
        3
280
     0
281
     1
  0
CLASS
  1
SPATIAL_FILTER
  2
AcDbSpatialFilter
  3
ObjectDBX Classes
 90
        0
 91
        3
280
     0
281
     0
  0
CLASS
  1
WIPEOUTVARIABLES
  2
AcDbWipeoutVariables
  3
WipeOut|AutoCAD Express Tool|expresstools@autodesk.com
 90
        0
 91
        3
280
     0
281
     0
  0
CLASS
  1
ARC_DIMENSION
  2
AcDbArcDimension
  3
ObjectDBX Classes
 90
     1025
 91
        3
280
     0
281
     1
  0
CLASS
  1
ACDB_MTEXTOBJECTCONTEXTDATA_CLASS
  2
AcDbMTextObjectContextData
  3
ObjectDBX Classes
 90
     1153
 91
        3
280
     0
281
     0
  0
CLASS
  1
ACDBASSOCACTION
  2
AcDbAssocAction
  3
ObjectDBX Classes
 90
     1025
 91
        1
280
     1
281
     0
  0
CLASS
  1
ACDBASSOCARRAYACTIONBODY
  2
AcDbAssocArrayActionBody
  3
ObjectDBX Classes
 90
     1025
 91
        1
280
     1
281
     0
  0
CLASS
  1
ACDBASSOCVERTEXACTIONPARAM
  2
AcDbAssocVertexActionParam
  3
ObjectDBX Classes
 90
     1025
 91
        1
280
     1
281
     0
  0
CLASS
  1
ACDBASSOCEDGEACTIONPARAM
  2
AcDbAssocEdgeActionParam
  3
ObjectDBX Classes
 90
     1025
 91
        1
280
     1
281
     0
  0
CLASS
  1
ACDB_DYNAMICBLOCKPROXYNODE
  2
AcDbDynamicBlockProxyNode
  3
ObjectDBX Classes
 90
     1153
 91
        1
280
     1
281
     0
  0
CLASS
  1
LARGE_RADIAL_DIMENSION
  2
AcDbRadialDimensionLarge
  3
ObjectDBX Classes
 90
     1025
 91
        3
280
     0
281
     1
  0
CLASS
  1
ACDBASSOCARRAYPATHPARAMETERS
  2
AcDbAssocArrayPathParameters
  3
ObjectDBX Classes
 90
     1025
 91
        1
280
     1
281
     0
  0
CLASS
  1
ACARRAYJIGENTITY
  2
AcArrayJigEntity
  3
ACAD_ARRAY
 90
      129
 91
        1
280
     1
281
     1
  0
CLASS
  1
DATATABLE
  2
AcDbDataTable
  3
ObjectDBX Classes
 90
        0
 91
        3
280
     0
281
     0
  0
CLASS
  1
ACDB_HATCHSCALECONTEXTDATA_CLASS
  2
AcDbHatchScaleContextData
  3
ObjectDBX Classes
 90
     1153
 91
        4
280
     0
281
     0
  0
CLASS
  1
ACDB_HATCHVIEWCONTEXTDATA_CLASS
  2
AcDbHatchViewContextData
  3
ObjectDBX Classes
 90
     1153
 91
        3
280
     0
281
     0
  0
ENDSEC
  0
SECTION
  2
TABLES
  0
TABLE
  2
VPORT
  5
2A
102
{ACAD_XDICTIONARY
360
2F
102
}
330
0
100
AcDbSymbolTable
 70
     1
  0
VPORT
  5
2B
330
2A
100
AcDbSymbolTableRecord
100
AcDbViewportTableRecord
  2
*Active
 70
     0
 10
0.0
 20
0.0
 11
1.0
 21
1.0
 12
110089.9902623367
 22
1597527.162095028
 13
0.0
 23
0.0
 14
0.5
 24
0.5
 15
0.5
 25
0.5
 16
0.0
 26
0.0
 36
1.0
 17
0.0
 27
0.0
 37
0.0
 40
485.7226552830543
 41
2.203069657615112
 42
50.0
 43
0.0
 44
0.0
 50
0.0
 51
0.0
 71
     0
 72
  1000
 73
     1
 74
     1
 75
     0
 76
     0
 77
     0
 78
     0
281
     0
 65
     1
110
0.0
120
0.0
130
0.0
111
1.0
121
0.0
131
0.0
112
0.0
122
1.0
132
0.0
 79
     0
146
0.0
348
2C
 60
     3
 61
     5
292
     1
282
     1
141
0.0
142
0.0
 63
   250
421
  3355443
1001
ACAD_NAV_VCDISPLAY
1070
     3
  0
ENDTAB
  0
TABLE
  2
LTYPE
  5
25
330
0
100
AcDbSymbolTable
 70
     2
  0
LTYPE
  5
26
330
25
100
AcDbSymbolTableRecord
100
AcDbLinetypeTableRecord
  2
ByBlock
 70
     0
  3

 72
    65
 73
     0
 40
0.0
  0
LTYPE
  5
27
330
25
100
AcDbSymbolTableRecord
100
AcDbLinetypeTableRecord
  2
ByLayer
 70
     0
  3

 72
    65
 73
     0
 40
0.0
  0
LTYPE
  5
14
330
25
100
AcDbSymbolTableRecord
100
AcDbLinetypeTableRecord
  2
Continuous
 70
     0
  3
Solid line
 72
    65
 73
     0
 40
0.0
  0
LTYPE
  5
9C
330
25
100
AcDbSymbolTableRecord
100
AcDbLinetypeTableRecord
  2
DASHED
 70
     0
  3
Dashed __ __ __ __ __ __ __ __ __ __ __ __ __ _
 72
    65
 73
     2
 40
0.75
 49
0.5
 74
     0
 49
-0.25
 74
     0
  0
ENDTAB
  0
TABLE
  2
LAYER
  5
1E
102
{ACAD_XDICTIONARY
360
1F
102
}
330
0
100
AcDbSymbolTable
 70
     9
  0
LAYER
  5
6
330
1E
100
AcDbSymbolTableRecord
100
AcDbLayerTableRecord
  2
0
 70
     0
 62
     7
  6
Continuous
370
    -3
390
8
347
B
348
0
  0
LAYER
  5
A0
330
1E
100
AcDbSymbolTableRecord
100
AcDbLayerTableRecord
  2
WALL
 70
     2
 62
     7
  6
Continuous
370
    30
390
8
347
B
348
0
1001
AcAecLayerStandard
1000

1000

1001
AcCmTransparency
1071
        0
  0
LAYER
  5
1C2
330
1E
100
AcDbSymbolTableRecord
100
AcDbLayerTableRecord
  2
text
 70
     0
 62
     7
  6
Continuous
370
    -3
390
8
347
B
348
0
1001
AcAecLayerStandard
1000

1000

  0
LAYER
  5
126
330
1E
100
AcDbSymbolTableRecord
100
AcDbLayerTableRecord
  2
A. Hatch
 70
     0
 62
     7
  6
Continuous
370
     0
390
8
347
B
348
0
  0
LAYER
  5
11D
330
1E
100
AcDbSymbolTableRecord
100
AcDbLayerTableRecord
  2
AA
 70
     0
 62
     7
  6
Continuous
370
    30
390
8
347
B
348
0
1001
AcAecLayerStandard
1000

1000

1001
AcCmTransparency
1071
        0
  0
LAYER
  5
9B
330
1E
100
AcDbSymbolTableRecord
100
AcDbLayerTableRecord
  2
PARKING
 70
     0
 62
     7
  6
DASHED
370
     5
390
8
347
B
348
0
1001
AcAecLayerStandard
1000

1000

1001
AcCmTransparency
1071
        0
  0
LAYER
  5
71
330
1E
100
AcDbSymbolTableRecord
100
AcDbLayerTableRecord
  2
DRAINAGE
 70
     0
 62
     1
  6
Continuous
370
    30
390
8
347
B
348
0
1001
AcAecLayerStandard
1000

1000

1001
AcCmTransparency
1071
        0
  0
LAYER
  5
199
330
1E
100
AcDbSymbolTableRecord
100
AcDbLayerTableRecord
  2
DILR SEET
 70
     0
 62
     7
  6
Continuous
370
    30
390
8
347
B
348
0
1001
AcAecLayerStandard
1000

1000

1001
AcCmTransparency
1071
        0
  0
LAYER
  5
A4
330
1E
100
AcDbSymbolTableRecord
100
AcDbLayerTableRecord
  2
plot
 70
     0
 62
   250
  6
Continuous
370
    25
390
8
347
B
348
0
1001
AcAecLayerStandard
1000

1000

  0
ENDTAB
  0
TABLE
  2
STYLE
  5
22
330
0
100
AcDbSymbolTable
 70
     2
  0
STYLE
  5
23
330
22
100
AcDbSymbolTableRecord
100
AcDbTextStyleTableRecord
  2
Standard
 70
     0
 40
0.0
 41
1.0
 50
0.0
 71
     0
 42
0.2
  3
arial.ttf
  4

1001
ACAD
1000
Arial
1071
       34
  0
STYLE
  5
3C
330
22
100
AcDbSymbolTableRecord
100
AcDbTextStyleTableRecord
  2
ROMANS
 70
     0
 40
0.0
 41
0.8
 50
0.0
 71
     0
 42
36.0
  3

  4

1001
ACAD
1000
Arial Rounded MT Bold
1071
       34
  0
ENDTAB
  0
TABLE
  2
VIEW
  5
28
330
0
100
AcDbSymbolTable
 70
     0
  0
ENDTAB
  0
TABLE
  2
UCS
  5
29
330
0
100
AcDbSymbolTable
 70
     0
  0
ENDTAB
  0
TABLE
  2
APPID
  5
30
330
0
100
AcDbSymbolTable
 70
    12
  0
APPID
  5
13
330
30
100
AcDbSymbolTableRecord
100
AcDbRegAppTableRecord
  2
ACAD
 70
     0
  0
APPID
  5
37
330
30
100
AcDbSymbolTableRecord
100
AcDbRegAppTableRecord
  2
ACAD_DSTYLE_DIMJAG
 70
     0
  0
APPID
  5
38
330
30
100
AcDbSymbolTableRecord
100
AcDbRegAppTableRecord
  2
ACAD_DSTYLE_DIMTALN
 70
     0
  0
APPID
  5
2E
330
30
100
AcDbSymbolTableRecord
100
AcDbRegAppTableRecord
  2
ACAD_NAV_VCDISPLAY
 70
     0
  0
APPID
  5
72
330
30
100
AcDbSymbolTableRecord
100
AcDbRegAppTableRecord
  2
AcAecLayerStandard
 70
     0
  0
APPID
  5
73
330
30
100
AcDbSymbolTableRecord
100
AcDbRegAppTableRecord
  2
AcCmTransparency
 70
     0
  0
APPID
  5
9D
330
30
100
AcDbSymbolTableRecord
100
AcDbRegAppTableRecord
  2
GradientColor1ACI
 70
     0
  0
APPID
  5
9E
330
30
100
AcDbSymbolTableRecord
100
AcDbRegAppTableRecord
  2
GradientColor2ACI
 70
     0
  0
APPID
  5
19
330
30
100
AcDbSymbolTableRecord
100
AcDbRegAppTableRecord
  2
ACAD_PSEXT
 70
     0
  0
APPID
  5
21
330
30
100
AcDbSymbolTableRecord
100
AcDbRegAppTableRecord
  2
AcLayerTools
 70
     0
  0
APPID
  5
3A
330
30
100
AcDbSymbolTableRecord
100
AcDbRegAppTableRecord
  2
ACAD_DSTYLE_DIMJOGGED_JOGANGLE_SYMBOL
 70
     0
  0
APPID
  5
A1
330
30
100
AcDbSymbolTableRecord
100
AcDbRegAppTableRecord
  2
IRD
 70
     0
  0
ENDTAB
  0
TABLE
  2
DIMSTYLE
  5
31
330
0
100
AcDbSymbolTable
 70
     5
100
AcDbDimStyleTable
  0
DIMSTYLE
105
32
330
31
100
AcDbSymbolTableRecord
100
AcDbDimStyleTableRecord
  2
Standard
 70
     0
 73
     0
 74
     0
178
     0
271
     2
272
     2
340
23
341
33
342
33
1001
ACAD_DSTYLE_DIMJAG
1070
   388
1040
1.5
1001
ACAD_DSTYLE_DIMTALN
1070
   392
1070
     0
  0
DIMSTYLE
105
47
330
31
100
AcDbSymbolTableRecord
100
AcDbDimStyleTableRecord
  2
APPROVAL STANDARD
 70
     0
 41
0.12
 42
0.0
 43
0.0
 44
0.12
 45
0.005
 46
0.12
 49
0.1
290
     1
 73
     0
 74
     0
140
0.23
172
     1
174
     1
176
     7
177
   256
178
     0
271
     2
272
     2
279
     1
289
     2
340
23
342
43
1001
ACAD_DSTYLE_DIMJAG
1070
   388
1040
1.5
1001
ACAD_DSTYLE_DIMTALN
1070
   392
1070
     0
  0
DIMSTYLE
105
39
330
31
100
AcDbSymbolTableRecord
100
AcDbDimStyleTableRecord
  2
R I A R
 70
     0
 40
0.8
 41
0.12
 42
0.5
 46
0.18
 49
0.18
 50
90.0
 90
        1
290
     1
 73
     0
 74
     0
 78
     1
140
0.3
141
0.2
147
0.15
176
   256
177
   256
271
     2
178
   256
179
     2
271
     2
272
     2
279
     1
340
23
341
33
342
33
371
    -1
372
    -1
345
27
346
27
347
27
1001
ACAD_DSTYLE_DIMJAG
1070
   388
1040
1.5
1001
ACAD_DSTYLE_DIMTALN
1070
   392
1070
     0
1001
ACAD_DSTYLE_DIMJOGGED_JOGANGLE_SYMBOL
1070
   384
1040
1.570796326794897
  0
DIMSTYLE
105
3D
330
31
100
AcDbSymbolTableRecord
100
AcDbDimStyleTableRecord
  2
Standard........
 70
     0
 43
1.0
 73
     0
 74
     0
140
0.23
176
   250
177
   250
178
     0
271
     2
272
     2
340
23
341
3E
342
43
371
     9
372
     9
1001
ACAD_DSTYLE_DIMJAG
1070
   388
1040
1.5
1001
ACAD_DSTYLE_DIMTALN
1070
   392
1070
     0
  0
DIMSTYLE
105
3B
330
31
100
AcDbSymbolTableRecord
100
AcDbDimStyleTableRecord
  2
Standard1
 70
     0
 41
0.75
 49
0.18
 73
     0
 74
     0
 75
     1
 76
     1
140
2.0
147
0.08
178
     0
271
     2
272
     2
340
3C
341
33
342
33
  0
ENDTAB
  0
TABLE
  2
BLOCK_RECORD
  5
1
330
0
100
AcDbSymbolTable
 70
     3
  0
BLOCK_RECORD
  5
2
102
{ACAD_XDICTIONARY
360
3
102
}
330
1
100
AcDbSymbolTableRecord
100
AcDbBlockTableRecord
  2
*Model_Space
340
16
 70
     0
280
     1
281
     0
  0
BLOCK_RECORD
  5
1A
330
1
100
AcDbSymbolTableRecord
100
AcDbBlockTableRecord
  2
*Paper_Space
340
1D
 70
     0
280
     1
281
     0
  0
BLOCK_RECORD
  5
33
330
1
100
AcDbSymbolTableRecord
100
AcDbBlockTableRecord
  2
_ArchTick
340
0
 70
     0
280
     1
281
     0
  0
BLOCK_RECORD
  5
43
330
1
100
AcDbSymbolTableRecord
100
AcDbBlockTableRecord
  2
_Oblique
340
0
 70
     0
280
     1
281
     0
  0
BLOCK_RECORD
  5
3E
330
1
100
AcDbSymbolTableRecord
100
AcDbBlockTableRecord
  2
_Dot
340
0
 70
     0
280
     1
281
     0
  0
ENDTAB
  0
ENDSEC
  0
SECTION
  2
BLOCKS
  0
BLOCK
  5
5
330
2
100
AcDbEntity
  8
0
100
AcDbBlockBegin
  2
*Model_Space
 70
     0
 10
0.0
 20
0.0
 30
0.0
  3
*Model_Space
  1

  0
ENDBLK
  5
15
330
2
100
AcDbEntity
  8
0
100
AcDbBlockEnd
  0
BLOCK
  5
1B
330
1A
100
AcDbEntity
 67
     1
  8
0
100
AcDbBlockBegin
  2
*Paper_Space
 70
     0
 10
0.0
 20
0.0
 30
0.0
  3
*Paper_Space
  1

  0
ENDBLK
  5
1C
330
1A
100
AcDbEntity
 67
     1
  8
0
100
AcDbBlockEnd
  0
BLOCK
  5
34
330
33
100
AcDbEntity
  8
0
100
AcDbBlockBegin
  2
_ArchTick
 70
     0
 10
0.0
 20
0.0
 30
0.0
  3
_ArchTick
  1

  0
LWPOLYLINE
  5
35
330
33
100
AcDbEntity
  8
0
  6
ByBlock
 62
     0
100
AcDbPolyline
 90
        2
 70
     0
 43
0.15
 10
-0.5
 20
-0.5
 10
0.5
 20
0.5
  0
ENDBLK
  5
36
330
33
100
AcDbEntity
  8
0
100
AcDbBlockEnd
  0
BLOCK
  5
44
330
43
100
AcDbEntity
  8
0
100
AcDbBlockBegin
  2
_Oblique
 70
     0
 10
0.0
 20
0.0
 30
0.0
  3
_Oblique
  1

  0
LINE
  5
45
330
43
100
AcDbEntity
  8
0
  6
ByBlock
 62
     0
370
    -2
100
AcDbLine
 10
-0.5
 20
-0.5
 30
0.0
 11
0.5
 21
0.5
 31
0.0
  0
ENDBLK
  5
46
330
43
100
AcDbEntity
  8
0
100
AcDbBlockEnd
  0
BLOCK
  5
3F
330
3E
100
AcDbEntity
  8
0
100
AcDbBlockBegin
  2
_Dot
 70
     0
 10
0.0
 20
0.0
 30
0.0
  3
_Dot
  1

  0
LWPOLYLINE
  5
40
330
3E
100
AcDbEntity
  8
0
  6
ByBlock
 62
     0
100
AcDbPolyline
 90
        2
 70
     1
 43
0.5
 10
-0.25
 20
0.0
 42
1.0
 10
0.25
 20
0.0
 42
1.0
  0
LINE
  5
41
330
3E
100
AcDbEntity
  8
0
  6
ByBlock
 62
     0
370
    -2
100
AcDbLine
 10
-0.5
 20
0.0
 30
0.0
 11
-1.0
 21
0.0
 31
0.0
  0
ENDBLK
  5
42
330
3E
100
AcDbEntity
  8
0
100
AcDbBlockEnd
  0
ENDSEC
  0
SECTION
  2
ENTITIES
  0
HATCH
  5
9A
330
2
100
AcDbEntity
  8
PARKING
 62
    94
100
AcDbHatch
 10
0.0
 20
0.0
 30
0.0
210
0.0
220
0.0
230
1.0
  2
ANSI36
 70
     0
 71
     0
 91
       11
 92
        7
 72
     1
 73
     1
 93
       13
 10
110110.373319129
 20
1597631.467449346
 42
-0.3628587741652038
 10
110115.3082330681
 20
1597637.372158627
 42
0.0
 10
110149.620024159
 20
1597643.56128813
 42
0.0
 10
110149.4883242783
 20
1597646.585946491
 42
0.0
 10
110112.5549122866
 20
1597639.923931406
 42
0.0
 10
110053.2693931594
 20
1597632.904825431
 42
0.0
 10
110053.2499498074
 20
1597629.881570561
 42
0.0
 10
110091.6678764563
 20
1597634.430059002
 42
-0.4491666213509481
 10
110098.373319129
 20
1597628.471674101
 42
0.0
 10
110098.373319129
 20
1597614.001309829
 42
-0.2983089887516566
 10
110094.771453332
 20
1597608.501405072
 42
0.0
 10
110094.771453332
 20
1597608.237991959
 42
0.0
 10
110110.373319129
 20
1597610.09051315
 42
0.0
 97
        0
 92
        7
 72
     1
 73
     1
 93
       72
 10
110110.3733191289
 20
1597577.243453396
 42
-0.3996375341472448
 10
110116.0733191289
 20
1597583.235948703
 42
-0.0125058661795924
 10
110116.3733191309
 20
1597583.243453396
 42
0.0
 10
110152.2419928494
 20
1597583.243453397
 42
0.0
 10
110151.9811775829
 20
1597589.243453397
 42
0.0
 10
110116.3733191289
 20
1597589.243453397
 42
-0.4142135623730951
 10
110110.3733191289
 20
1597595.243453397
 42
0.0
 10
110110.3733191289
 20
1597610.09051315
 42
0.0
 10
110053.0789165509
 20
1597603.287538668
 42
0.0
 10
110053.0402459425
 20
1597597.274629743
 42
0.0
 10
110091.6678764562
 20
1597601.847946063
 42
-0.4491666213532726
 10
110098.373319129
 20
1597595.889561161
 42
0.0
 10
110098.373319129
 20
1597586.243453397
 42
-0.4142135623730951
 10
110092.373319129
 20
1597580.243453397
 42
0.0
 10
110052.9311494306
 20
1597580.243453397
 42
0.0
 10
110052.8997706062
 20
1597574.243453397
 42
0.0
 10
110060.0531182731
 20
1597574.243453397
 42
0.0
 10
110064.0531182731
 20
1597574.243453397
 42
0.0
 10
110068.0531182731
 20
1597574.243453397
 42
0.0
 10
110072.0531182731
 20
1597574.243453397
 42
0.0
 10
110076.0531182731
 20
1597574.243453397
 42
0.0
 10
110080.0531182731
 20
1597574.243453397
 42
0.0
 10
110084.0531182731
 20
1597574.243453397
 42
0.0
 10
110088.0531182731
 20
1597574.243453397
 42
0.0
 10
110092.0531182731
 20
1597574.243453397
 42
0.0
 10
110092.3733191334
 20
1597574.243453396
 42
-0.4142135621601209
 10
110098.373319129
 20
1597568.243453396
 42
0.0
 10
110098.3733191289
 20
1597553.243453397
 42
-0.4142135623725267
 10
110092.3733191289
 20
1597547.243453397
 42
0.0
 10
110092.0531182731
 20
1597547.243453397
 42
0.0
 10
110088.0531182731
 20
1597547.243453397
 42
0.0
 10
110084.053118273
 20
1597547.243453397
 42
0.0
 10
110080.0531182731
 20
1597547.243453397
 42
0.0
 10
110076.0531182731
 20
1597547.243453397
 42
0.0
 10
110072.053118273
 20
1597547.243453397
 42
0.0
 10
110068.0531182731
 20
1597547.243453397
 42
0.0
 10
110064.0531182731
 20
1597547.243453397
 42
0.0
 10
110060.0531182731
 20
1597547.243453397
 42
0.0
 10
110052.7585658963
 20
1597547.243453397
 42
0.0
 10
110052.7524157488
 20
1597546.067472918
 42
0.0
 10
110052.7152924369
 20
1597541.243453397
 42
0.0
 10
110060.0531182731
 20
1597541.243453397
 42
0.0
 10
110064.0531182731
 20
1597541.243453397
 42
0.0
 10
110068.0531182731
 20
1597541.243453397
 42
0.0
 10
110072.0531182731
 20
1597541.243453397
 42
0.0
 10
110076.0531182731
 20
1597541.243453397
 42
0.0
 10
110080.0531182731
 20
1597541.243453397
 42
0.0
 10
110084.0531182731
 20
1597541.243453397
 42
0.0
 10
110088.0531182731
 20
1597541.243453397
 42
0.0
 10
110092.0531182731
 20
1597541.243453397
 42
0.0
 10
110092.3733191334
 20
1597541.243453396
 42
-0.414213562160689
 10
110098.373319129
 20
1597535.243453396
 42
0.0
 10
110098.373319129
 20
1597520.243453397
 42
-0.414213562372527
 10
110092.373319129
 20
1597514.243453397
 42
0.0
 10
110052.5075135466
 20
1597514.243453397
 42
0.0
 10
110052.4151673731
 20
1597502.243453397
 42
0.0
 10
110110.3733191289
 20
1597502.243453397
 42
0.0
 10
110110.3733191289
 20
1597509.243453396
 42
-0.3996375341472449
 10
110116.0733191289
 20
1597515.235948703
 42
-0.0125058661795924
 10
110116.3733191309
 20
1597515.243453396
 42
0.0
 10
110155.1978992034
 20
1597515.243453397
 42
0.0
 10
110154.9370839369
 20
1597521.243453397
 42
0.0
 10
110116.3733719869
 20
1597521.243453397
 42
-0.4142143181380093
 10
110110.3733191289
 20
1597527.24341602
 42
0.0
 10
110110.3733191289
 20
1597543.24341602
 42
-0.399639340209011
 10
110116.073319129
 20
1597549.235948703
 42
-0.0125058661795924
 10
110116.3733191309
 20
1597549.243453396
 42
0.0
 10
110153.7199460264
 20
1597549.243453397
 42
0.0
 10
110153.4591307599
 20
1597555.243453397
 42
0.0
 10
110116.3733719866
 20
1597555.243453397
 42
-0.0125080688452104
 10
110116.073319129
 20
1597555.25095809
 42
-0.3996357280767819
 10
110110.3733191289
 20
1597561.24341602
 42
0.0
 97
        0
 92
       24
 93
        4
 72
     1
 10
110091.7537179977
 20
1597604.710575908
 11
110094.771453332
 21
1597604.710575908
 72
     1
 10
110094.771453332
 20
1597604.710575908
 11
110094.771453332
 21
1597608.831994735
 72
     1
 10
110094.771453332
 20
1597608.831994735
 11
110091.7537179977
 21
1597608.831994735
 72
     1
 10
110091.7537179977
 20
1597608.831994735
 11
110091.7537179977
 21
1597604.710575908
 97
        0
 92
       24
 93
        4
 72
     1
 10
110062.1414587276
 20
1597600.908831064
 11
110080.7077492903
 21
1597603.058345657
 72
     1
 10
110080.7077492903
 20
1597603.058345657
 11
110080.500574597
 21
1597604.84780341
 72
     1
 10
110080.500574597
 20
1597604.84780341
 11
110061.9342840343
 21
1597602.698288816
 72
     1
 10
110061.9342840343
 20
1597602.698288816
 11
110062.1414587276
 21
1597600.908831064
 97
        0
 92
       24
 93
        4
 72
     1
 10
110065.5808020808
 20
1597576.236914828
 11
110084.2711086124
 21
1597576.236914828
 72
     1
 10
110084.2711086124
 20
1597576.236914828
 11
110084.2711086124
 21
1597578.038325498
 72
     1
 10
110084.2711086124
 20
1597578.038325498
 11
110065.5808020808
 21
1597578.038325498
 72
     1
 10
110065.5808020808
 20
1597578.038325498
 11
110065.5808020808
 21
1597576.236914828
 97
        0
 92
       24
 93
        4
 72
     1
 10
110065.4751878353
 20
1597543.375901981
 11
110084.1654943669
 21
1597543.375901981
 72
     1
 10
110084.1654943669
 20
1597543.375901981
 11
110084.1654943669
 21
1597545.17731265
 72
     1
 10
110084.1654943669
 20
1597545.17731265
 11
110065.4751878353
 21
1597545.17731265
 72
     1
 10
110065.4751878353
 20
1597545.17731265
 11
110065.4751878353
 21
1597543.375901981
 97
        0
 92
       24
 93
        4
 72
     1
 10
110125.7664187408
 20
1597585.834631779
 11
110144.4567252724
 21
1597585.834631779
 72
     1
 10
110144.4567252724
 20
1597585.834631779
 11
110144.4567252724
 21
1597587.636042448
 72
     1
 10
110144.4567252724
 20
1597587.636042448
 11
110125.7664187408
 21
1597587.636042448
 72
     1
 10
110125.7664187408
 20
1597587.636042448
 11
110125.7664187408
 21
1597585.834631779
 97
        0
 92
       24
 93
        4
 72
     1
 10
110125.0765358929
 20
1597551.047892553
 11
110143.7668424245
 21
1597551.047892553
 72
     1
 10
110143.7668424245
 20
1597551.047892553
 11
110143.7668424245
 21
1597552.849303223
 72
     1
 10
110143.7668424245
 20
1597552.849303223
 11
110125.0765358929
 21
1597552.849303223
 72
     1
 10
110125.0765358929
 20
1597552.849303223
 11
110125.0765358929
 21
1597551.047892553
 97
        0
 92
       24
 93
        4
 72
     1
 10
110127.0765358929
 20
1597517.341458248
 11
110145.7668424245
 21
1597517.341458248
 72
     1
 10
110145.7668424245
 20
1597517.341458248
 11
110145.7668424245
 21
1597519.142868918
 72
     1
 10
110145.7668424245
 20
1597519.142868918
 11
110127.0765358929
 21
1597519.142868918
 72
     1
 10
110127.0765358929
 20
1597519.142868918
 11
110127.0765358929
 21
1597517.341458248
 97
        0
 92
       24
 93
        4
 72
     1
 10
110069.0545280354
 20
1597507.013053251
 11
110090.5277487
 21
1597507.013053251
 72
     1
 10
110090.5277487
 20
1597507.013053251
 11
110090.5277487
 21
1597508.81446392
 72
     1
 10
110090.5277487
 20
1597508.81446392
 11
110069.0545280354
 21
1597508.81446392
 72
     1
 10
110069.0545280354
 20
1597508.81446392
 11
110069.0545280354
 21
1597507.013053251
 97
        0
 92
       24
 93
        4
 72
     1
 10
110103.7864535183
 20
1597567.117307742
 11
110103.7864535183
 21
1597545.644087077
 72
     1
 10
110103.7864535183
 20
1597545.644087077
 11
110105.587864188
 21
1597545.644087077
 72
     1
 10
110105.587864188
 20
1597545.644087077
 11
110105.587864188
 21
1597567.117307742
 72
     1
 10
110105.587864188
 20
1597567.117307742
 11
110103.7864535183
 21
1597567.117307742
 97
        0
 75
     1
 76
     1
 52
0.0
 41
10.0
 77
     0
 78
     1
 53
45.0
 43
110105.9728932604
 44
1597625.848077281
 45
0.6629126073623882
 46
2.430679560328757
 79
     4
 49
3.125
 49
-0.625
 49
0.0
 49
-0.625
 47
0.1164137689854712
 98
        4
 10
110105.9728932604
 20
1597625.848077281
 10
0.0
 20
0.0
 10
110102.9056974211
 20
1597574.148746148
 10
110102.9056974211
 20
1597574.148746148
1001
GradientColor1ACI
1070
     5
1001
GradientColor2ACI
1070
     2
1001
ACAD
1010
0.0
1020
0.0
1030
0.0
  0
LWPOLYLINE
  5
9F
330
2
100
AcDbEntity
  8
WALL
370
    40
100
AcDbPolyline
 90
        8
 70
     1
 43
0.0
 10
110052.9330450629
 20
1597580.60592057
 10
110052.7524157488
 20
1597546.067472918
 10
110052.4151673731
 20
1597502.243453397
 10
110155.7629989475
 20
1597502.243453397
 10
110152.5404136527
 20
1597576.490760416
 10
110149.4883242783
 20
1597646.585946491
 10
110112.5549122866
 20
1597639.923931406
 10
110053.2693931594
 20
1597632.904825431
1001
IRD
1002
{
1000
TPMLINK_fg-_-ade
1070
   515
1071
        1
1004
0100EC120000430500001005000000000000FA65DB294D945240FA65DB294D94524081100000350B0000
1002
}
1002
{
1000
TPMLINK_dd-_-ade
1070
   515
1071
        2
1004
0100EA120000430500001005000000000000FA65DB294D945240FA65DB294D94524081100000350B0000
1002
}
1002
{
1000
TPMLINK_mani-_-ade
1070
   515
1071
        3
1004
0100EA120000430500001005000000000000FA65DB294D945240FA65DB294D94524081100000350B0000
1002
}
1002
{
1000
TPMLINK_m-_-ade
1070
   515
1071
        4
1004
0100DE24000002080000B907000000000000FA65DB294D945240FA65DB294D945240
1002
}
1002
{
1000
TPMLINK_manikiran-_-ade
1070
   515
1071
        5
1004
0100FC120000430500001005000000000000FA65DB294D945240FA65DB294D94524081100000350B0000
1002
}
1002
{
1000
TPMLINK_1234-_-ade
1070
   515
1071
        6
1004
0100C624000001080000B807000000000000FA65DB294D945240FA65DB294D945240
1002
}
1002
{
1000
TPMLINK_rrrr-_-ade
1070
   515
1071
        7
1004
01007C1300004A0500001605000000000000FA65DB294D945240FA65DB294D9452407D100000380B0000
1002
}
1002
{
1000
TPMLINK_uuu-_-ade
1070
   515
1071
        8
1004
01007B1300004A0500001605000000000000FA65DB294D945240FA65DB294D9452407D100000380B0000
1002
}
1002
{
1000
TPMLINK_rw-_-ade
1070
   515
1071
        9
1004
01001524000013080000C907000000000000FA65DB294D945240FA65DB294D945240
1002
}
1002
{
1000
TPMLINK_dg-_-ade
1070
   515
1071
       10
1004
010075130000470500001305000000000000FA65DB294D945240FA65DB294D9452403C0B0000370B0000
1002
}
1002
{
1000
TPMLINK_yi-_-ade
1070
   515
1071
       11
1004
010075130000470500001305000000000000FA65DB294D945240FA65DB294D9452408F10000085100000
1002
}
1002
{
1000
TPMLINK_mmmm-_-ade
1070
   515
1071
       12
1004
010075130000470500001305000000000000FA65DB294D945240FA65DB294D9452409210000088100000
1002
}
1002
{
1000
TPMLINK_fgyhrt-_-ade
1070
   515
1071
       13
1004
010075130000470500001305000000000000FA65DB294D945240FA65DB294D9452409210000088100000
1002
}
1002
{
1000
TPMLINK_jjjjjjjjj-_-ade
1070
   515
1071
       14
1004
010075130000470500001305000000000000FA65DB294D945240FA65DB294D9452407A100000350B0000
1002
}
1002
{
1000
TPMLINK_sfresf-_-ade
1070
   515
1071
       15
1004
01001624000012080000C807000000000000FA65DB294D945240FA65DB294D945240
1002
}
1002
{
1000
TPMLINK_jjjjnn-_-ade
1070
   515
1071
       16
1004
010074130000470500001305000000000000FA65DB294D945240FA65DB294D9452409210000088100000
1002
}
1002
{
1000
TPMLINK_ds-_-ade
1070
   515
1071
       17
1004
010088130000470500001305000000000000FA65DB294D945240FA65DB294D9452407E100000390B0000
1002
}
1002
{
1000
TPMLINK_dssd-_-ade
1070
   515
1071
       18
1004
010086130000470500001305000000000000FA65DB294D945240FA65DB294D9452407E100000390B0000
1002
}
1002
{
1000
TPMLINK_aaa-_-ade
1070
   515
1071
       19
1004
0100DA230000F3070000AB07000000000000FA65DB294D945240FA65DB294D945240
1002
}
1002
{
1000
TPMLINK_SF-_-ade
1070
   515
1071
       20
1004
010086130000470500001305000000000000FA65DB294D945240FA65DB294D945240961000008C100000
1002
}
1002
{
1000
TPMLINK_DSD-_-ade
1070
   515
1071
       21
1004
010086130000470500001305000000000000FA65DB294D945240FA65DB294D945240430B00003E0B0000
1002
}
1002
{
1000
TPMLINK_ASD-_-ade
1070
   515
1071
       22
1004
010086130000470500001305000000000000FA65DB294D945240FA65DB294D945240430B00003E0B0000
1002
}
1002
{
1000
TPMLINK_SS-_-ade
1070
   515
1071
       23
1004
010086130000470500001305000000000000FA65DB294D945240FA65DB294D945240100B00001A0B0000
1002
}
1002
{
1000
TPMLINK_DSAA-_-ade
1070
   515
1071
       24
1004
010081150000610500002C05000000000000FA65DB294D945240FA65DB294D945240B71000007A0B0000
1002
}
1002
{
1000
TPMLINK_GDFGFD-_-ade
1070
   515
1071
       25
1004
0100EC140000550500002105000000000000FA65DB294D945240FA65DB294D9452408E100000510B0000
1002
}
1002
{
1000
TPMLINK_gdfsgfs-_-ade
1070
   515
1071
       26
1004
0100C0140000480500001405000000000000FA65DB294D945240FA65DB294D9452407E100000430B0000
1002
}
1002
{
1000
TPMLINK_FGDGFS-_-ade
1070
   515
1071
       27
1004
0100C0140000480500001405000000000000FA65DB294D945240FA65DB294D9452401A0B0000240B0000
1002
}
1002
{
1000
TPMLINK_GFDF-_-ade
1070
   515
1071
       28
1004
010063230000B20800006108000000000000FA65DB294D945240FA65DB294D945240
1002
}
1002
{
1000
TPMLINK_bbbbbbbbbbbbbbbb-_-ade
1070
   515
1071
       29
1004
0100C2140000470500001305000000000000FA65DB294D945240FA65DB294D9452407A100000430B0000
1002
}
1002
{
1000
TPMLINK_NNNNNNN-_-ade
1070
   515
1071
       30
1004
0100C1140000470500001305000000000000FA65DB294D945240FA65DB294D9452407A100000430B0000
1002
}
1002
{
1000
TPMLINK_oisjfi-_-ade
1070
   515
1071
       31
1004
0100C0140000460500001205000000000000FA65DB294D945240FA65DB294D94524079100000420B0000
1002
}
1002
{
1000
TPMLINK_RS-_-ade
1070
   515
1071
       32
1004
0100BC140000460500001205000000000000FA65DB294D945240FA65DB294D94524078100000410B0000
1002
}
1002
{
1000
TPMLINK_JHHJ-_-ade
1070
   515
1071
       33
1004
0100B9140000460500001205000000000000FA65DB294D945240FA65DB294D94524077100000400B0000
1002
}
1002
{
1000
TPMLINK_POINTS-_-ade
1070
   515
1071
       34
1004
010060230000B10800006008000000000000FA65DB294D945240FA65DB294D945240
1002
}
1002
{
1000
TPMLINK_FDDDFDF-_-ade
1070
   515
1071
       35
1004
010091140000490500001505000000000000FA65DB294D945240FA65DB294D9452407A100000430B0000
1002
}
1002
{
1000
TPMLINK_fdfsfs-_-ade
1070
   515
1071
       36
1004
010061150000450500001405000000000000FA65DB294D945240FA65DB294D945240761000004B0B0000
1002
}
1002
{
1000
TPMLINK_dsdadas-_-ade
1070
   515
1071
       37
1004
01005D150000450500001405000000000000FA65DB294D945240FA65DB294D945240751000004A0B0000
1002
}
1002
{
1000
TPMLINK_ffsdfsdf-_-ade
1070
   515
1071
       38
1004
01005D150000450500001405000000000000FA65DB294D945240FA65DB294D945240751000004A0B0000
1002
}
1002
{
1000
TPMLINK_ggfgf-_-ade
1070
   515
1071
       39
1004
010054150000410500001005000000000000FA65DB294D945240FA65DB294D945240210B00002B0B0000
1002
}
1002
{
1000
TPMLINK_dsdsds-_-ade
1070
   515
1071
       40
1004
010054150000410500001005000000000000FA65DB294D945240FA65DB294D945240210B00002B0B0000
1002
}
1002
{
1000
TPMLINK_fdffdf-_-ade
1070
   515
1071
       41
1004
0100392200003B080000EF07000000000000FA65DB294D945240FA65DB294D945240
1002
}
1002
{
1000
TPMLINK_FFDDF-_-ade
1070
   515
1071
       42
1004
010054150000410500001005000000000000FA65DB294D945240FA65DB294D945240210B00002B0B0000
1002
}
1002
{
1000
TPMLINK_GGFGGF-_-ade
1070
   515
1071
       43
1004
010060150000450500001405000000000000FA65DB294D945240FA65DB294D945240751000004A0B0000
1002
}
1002
{
1000
TPMLINK_PPP-_-ade
1070
   515
1071
       44
1004
010060150000450500001405000000000000FA65DB294D945240FA65DB294D945240751000004A0B0000
1002
}
1002
{
1000
TPMLINK_GGG-_-ade
1070
   515
1071
       45
1004
0100382200003D080000F107000000000000FA65DB294D945240FA65DB294D945240
1002
}
1002
{
1000
TPMLINK_ggdgd-_-ade
1070
   515
1071
       46
1004
0100042800003E080000F207000000000000FA65DB294D945240FA65DB294D9452407913000077140000
1002
}
1002
{
1000
TPMLINK_GFGFGF-_-ade
1070
   515
1071
       47
1004
010060150000450500001405000000000000FA65DB294D945240FA65DB294D94524019100000280B0000
1002
}
1002
{
1000
TPMLINK_FFFFFD-_-ade
1070
   515
1071
       48
1004
010060150000450500001405000000000000FA65DB294D945240FA65DB294D94524019100000280B0000
1002
}
1002
{
1000
TPMLINK_HGHFHFG-_-ade
1070
   515
1071
       49
1004
010060150000450500001405000000000000FA65DB294D945240FA65DB294D94524019100000280B0000
1002
}
1002
{
1000
TPMLINK_GFGDF-_-ade
1070
   515
1071
       50
1004
010060150000450500001405000000000000FA65DB294D945240FA65DB294D945240250B00002F0B0000
1002
}
1002
{
1000
TPMLINK_FDSS-_-ade
1070
   515
1071
       51
1004
0100382200003D080000F107000000000000FA65DB294D945240FA65DB294D945240
1002
}
1002
{
1000
TPMLINK_fdfssdf-_-ade
1070
   515
1071
       52
1004
010031150000450500001405000000000000FA65DB294D945240FA65DB294D945240C30B0000B4100000
1002
}
1002
{
1000
TPMLINK_GFF-_-ade
1070
   515
1071
       53
1004
01002A150000450500001405000000000000FA65DB294D945240FA65DB294D945240C00B0000B1100000
1002
}
1002
{
1000
TPMLINK_FSFSFSDF-_-ade
1070
   515
1071
       54
1004
0100EA22000049080000FD07000000000000FA65DB294D945240FA65DB294D945240
1002
}
1002
{
1000
TPMLINK_iughfin-_-ade
1070
   515
1071
       55
1004
010030150000450500001405000000000000FA65DB294D945240FA65DB294D945240C20B0000B3100000
1002
}
1002
{
1000
TPMLINK_eff-_-ade
1070
   515
1071
       56
1004
010030150000450500001405000000000000FA65DB294D945240FA65DB294D945240C20B0000B3100000
1002
}
1002
{
1000
TPMLINK_ssss-_-ade
1070
   515
1071
       57
1004
010030150000450500001405000000000000FA65DB294D945240FA65DB294D945240C20B0000B3100000
1002
}
1002
{
1000
TPMLINK_zz-_-ade
1070
   515
1071
       58
1004
01002A150000450500001405000000000000FA65DB294D945240FA65DB294D945240C00B0000B1100000
1002
}
1002
{
1000
TPMLINK_hh-_-ade
1070
   515
1071
       59
1004
01002A150000450500001405000000000000FA65DB294D945240FA65DB294D945240240B00002E0B0000
1002
}
1002
{
1000
TPMLINK_aaaaaaa-_-ade
1070
   515
1071
       60
1004
0100E522000049080000FD07000000000000FA65DB294D945240FA65DB294D945240
1002
}
  0
LINE
  5
A2
330
2
100
AcDbEntity
  8
WALL
370
    30
100
AcDbLine
 10
110052.4151673731
 20
1597502.243453397
 30
0.0
 11
110155.7629989475
 21
1597502.243453397
 31
0.0
  0
LWPOLYLINE
  5
A3
330
2
100
AcDbEntity
  8
plot
370
    50
100
AcDbPolyline
 90
        4
 70
     1
 43
0.0
 10
110058.5025362831
 20
1597597.921337325
 10
110053.0402459425
 20
1597597.274629743
 10
110052.9895600119
 20
1597589.393453397
 10
110058.5025362831
 20
1597589.393453397
  0
LWPOLYLINE
  5
A6
330
2
100
AcDbEntity
  8
plot
370
    50
100
AcDbPolyline
 90
        4
 70
     1
 43
0.0
 10
110062.5025362831
 20
1597598.394917119
 10
110058.5025362831
 20
1597597.921337325
 10
110058.5025362831
 20
1597589.393453397
 10
110062.5025362831
 20
1597589.393453397
  0
LWPOLYLINE
  5
A7
330
2
100
AcDbEntity
  8
plot
370
    50
100
AcDbPolyline
 90
        4
 70
     1
 43
0.0
 10
110066.5025362831
 20
1597598.868496912
 10
110062.5025362831
 20
1597598.394917119
 10
110062.5025362831
 20
1597589.393453397
 10
110066.5025362831
 20
1597589.393453397
  0
LWPOLYLINE
  5
A8
330
2
100
AcDbEntity
  8
plot
370
    50
100
AcDbPolyline
 90
        4
 70
     1
 43
0.0
 10
110078.5025362831
 20
1597600.289236293
 10
110074.5025362831
 20
1597599.815656499
 10
110074.5025362831
 20
1597589.393453397
 10
110078.5025362831
 20
1597589.393453396
  0
LWPOLYLINE
  5
A9
330
2
100
AcDbEntity
  8
plot
370
    50
100
AcDbPolyline
 90
        4
 70
     1
 43
0.0
 10
110074.5025362831
 20
1597599.815656499
 10
110070.5025362832
 20
1597599.342076706
 10
110070.5025362831
 20
1597589.393453397
 10
110074.5025362831
 20
1597589.393453397
  0
LWPOLYLINE
  5
AA
330
2
100
AcDbEntity
  8
plot
370
    50
100
AcDbPolyline
 90
        4
 70
     1
 43
0.0
 10
110070.5025362832
 20
1597599.342076706
 10
110066.5025362831
 20
1597598.868496912
 10
110066.5025362831
 20
1597589.393453397
 10
110070.5025362831
 20
1597589.393453397
  0
LWPOLYLINE
  5
AB
330
2
100
AcDbEntity
  8
plot
370
    50
100
AcDbPolyline
 90
        4
 70
     1
 43
0.0
 10
110090.5025362832
 20
1597601.709975673
 10
110086.5025362831
 20
1597601.23639588
 10
110086.5025362831
 20
1597589.393453396
 10
110090.5025362831
 20
1597589.393453396
  0
LWPOLYLINE
  5
AC
330
2
100
AcDbEntity
  8
plot
370
    50
100
AcDbPolyline
 90
        4
 70
     1
 43
0.0
 10
110086.5025362831
 20
1597601.23639588
 10
110082.5025362831
 20
1597600.762816086
 10
110082.5025362831
 20
1597589.393453396
 10
110086.5025362831
 20
1597589.393453396
  0
LWPOLYLINE
  5
AD
330
2
100
AcDbEntity
  8
plot
370
    50
100
AcDbPolyline
 90
        4
 70
     1
 43
0.0
 10
110082.5025362831
 20
1597600.762816086
 10
110078.5025362831
 20
1597600.289236293
 10
110078.5025362831
 20
1597589.393453396
 10
110082.5025362831
 20
1597589.393453396
  0
LWPOLYLINE
  5
AE
330
2
100
AcDbEntity
  8
plot
370
    50
100
AcDbPolyline
 90
        5
 70
     1
 43
0.0
 10
110098.373319129
 20
1597595.889561161
 42
0.4491666213532725
 10
110091.6678764562
 20
1597601.847946063
 10
110090.5025362832
 20
1597601.709975673
 10
110090.5025362831
 20
1597589.393453396
 10
110098.373319129
 20
1597589.393453396
  0
LWPOLYLINE
  5
AF
330
2
100
AcDbEntity
  8
plot
370
    50
100
AcDbPolyline
 90
        4
 70
     1
 43
0.0
 10
110086.5025362831
 20
1597589.393453396
 10
110082.5025362831
 20
1597589.393453396
 10
110082.5025362831
 20
1597580.243453397
 10
110086.5025362831
 20
1597580.243453397
  0
LWPOLYLINE
  5
B0
330
2
100
AcDbEntity
  8
plot
370
    50
100
AcDbPolyline
 90
        4
 70
     1
 43
0.0
 10
110090.5025362831
 20
1597589.393453396
 10
110086.5025362831
 20
1597589.393453396
 10
110086.5025362831
 20
1597580.243453397
 10
110090.5025362831
 20
1597580.243453397
  0
LWPOLYLINE
  5
B1
330
2
100
AcDbEntity
  8
plot
370
    50
100
AcDbPolyline
 90
        4
 70
     1
 43
0.0
 10
110074.5025362831
 20
1597589.393453397
 10
110070.5025362831
 20
1597589.393453397
 10
110070.5025362831
 20
1597580.243453397
 10
110074.5025362831
 20
1597580.243453397
  0
LWPOLYLINE
  5
B2
330
2
100
AcDbEntity
  8
plot
370
    50
100
AcDbPolyline
 90
        4
 70
     1
 43
0.0
 10
110078.5025362831
 20
1597589.393453396
 10
110074.5025362831
 20
1597589.393453397
 10
110074.5025362831
 20
1597580.243453397
 10
110078.5025362831
 20
1597580.243453397
  0
LWPOLYLINE
  5
B3
330
2
100
AcDbEntity
  8
plot
370
    50
100
AcDbPolyline
 90
        4
 70
     1
 43
0.0
 10
110082.5025362831
 20
1597589.393453396
 10
110078.5025362831
 20
1597589.393453396
 10
110078.5025362831
 20
1597580.243453397
 10
110082.5025362831
 20
1597580.243453397
  0
LWPOLYLINE
  5
B4
330
2
100
AcDbEntity
  8
plot
370
    50
100
AcDbPolyline
 90
        4
 70
     1
 43
0.0
 10
110062.5025362831
 20
1597589.393453397
 10
110058.5025362831
 20
1597589.393453397
 10
110058.5025362832
 20
1597580.243453397
 10
110062.5025362831
 20
1597580.243453397
  0
LWPOLYLINE
  5
B5
330
2
100
AcDbEntity
  8
plot
370
    50
100
AcDbPolyline
 90
        4
 70
     1
 43
0.0
 10
110066.5025362831
 20
1597589.393453397
 10
110062.5025362831
 20
1597589.393453397
 10
110062.5025362831
 20
1597580.243453397
 10
110066.5025362831
 20
1597580.243453397
  0
LWPOLYLINE
  5
B6
330
2
100
AcDbEntity
  8
plot
370
    50
100
AcDbPolyline
 90
        4
 70
     1
 43
0.0
 10
110070.5025362831
 20
1597589.393453397
 10
110066.5025362831
 20
1597589.393453397
 10
110066.5025362831
 20
1597580.243453397
 10
110070.5025362831
 20
1597580.243453397
  0
LWPOLYLINE
  5
B7
330
2
100
AcDbEntity
  8
plot
370
    50
100
AcDbPolyline
 90
        5
 70
     1
 43
0.0
 10
110058.5025362831
 20
1597589.393453397
 10
110052.9895600119
 20
1597589.393453397
 10
110052.9330450629
 20
1597580.60592057
 10
110052.9311494306
 20
1597580.243453397
 10
110058.5025362832
 20
1597580.243453397
  0
LWPOLYLINE
  5
B8
330
2
100
AcDbEntity
  8
plot
370
    50
100
AcDbPolyline
 90
        4
 70
     1
 43
0.0
 10
110064.0531182731
 20
1597560.743453397
 10
110060.0531182731
 20
1597560.743453397
 10
110060.0531182731
 20
1597547.243453397
 10
110064.0531182731
 20
1597547.243453397
  0
LWPOLYLINE
  5
B9
330
2
100
AcDbEntity
  8
plot
370
    50
100
AcDbPolyline
 90
        4
 70
     1
 43
0.0
 10
110064.0531182731
 20
1597574.243453397
 10
110060.0531182731
 20
1597574.243453397
 10
110060.0531182731
 20
1597560.743453397
 10
110064.0531182731
 20
1597560.743453397
  0
LWPOLYLINE
  5
BA
330
2
100
AcDbEntity
  8
plot
370
    50
100
AcDbPolyline
 90
        4
 70
     1
 43
0.0
 10
110060.0531182731
 20
1597560.743453397
 10
110052.8291682513
 20
1597560.743453397
 10
110052.7585658963
 20
1597547.243453397
 10
110060.0531182731
 20
1597547.243453397
  0
LWPOLYLINE
  5
BB
330
2
100
AcDbEntity
  8
plot
370
    50
100
AcDbPolyline
 90
        4
 70
     1
 43
0.0
 10
110060.0531182731
 20
1597574.243453397
 10
110052.8997706062
 20
1597574.243453397
 10
110052.8291682513
 20
1597560.743453397
 10
110060.0531182731
 20
1597560.743453397
  0
LWPOLYLINE
  5
BC
330
2
100
AcDbEntity
  8
plot
370
    50
100
AcDbPolyline
 90
        5
 70
     1
 43
0.0
 10
110098.373319129
 20
1597568.243453396
 42
0.4142135623730951
 10
110092.373319129
 20
1597574.243453396
 10
110092.0531182731
 20
1597574.243453396
 10
110092.0531182731
 20
1597560.743453397
 10
110098.373319129
 20
1597560.743453397
  0
LWPOLYLINE
  5
BD
330
2
100
AcDbEntity
  8
plot
370
    50
100
AcDbPolyline
 90
        4
 70
     1
 43
0.0
 10
110092.0531182731
 20
1597574.243453397
 10
110088.0531182731
 20
1597574.243453397
 10
110088.0531182731
 20
1597560.743453397
 10
110092.0531182731
 20
1597560.743453397
  0
LWPOLYLINE
  5
BE
330
2
100
AcDbEntity
  8
plot
370
    50
100
AcDbPolyline
 90
        4
 70
     1
 43
0.0
 10
110088.0531182731
 20
1597574.243453397
 10
110084.0531182731
 20
1597574.243453397
 10
110084.053118273
 20
1597560.743453397
 10
110088.0531182731
 20
1597560.743453397
  0
LWPOLYLINE
  5
BF
330
2
100
AcDbEntity
  8
plot
370
    50
100
AcDbPolyline
 90
        4
 70
     1
 43
0.0
 10
110084.0531182731
 20
1597574.243453397
 10
110080.0531182731
 20
1597574.243453397
 10
110080.0531182731
 20
1597560.743453397
 10
110084.0531182731
 20
1597560.743453397
  0
LWPOLYLINE
  5
C0
330
2
100
AcDbEntity
  8
plot
370
    50
100
AcDbPolyline
 90
        4
 70
     1
 43
0.0
 10
110080.0531182731
 20
1597574.243453397
 10
110076.0531182731
 20
1597574.243453397
 10
110076.0531182731
 20
1597560.743453397
 10
110080.0531182731
 20
1597560.743453397
  0
LWPOLYLINE
  5
C1
330
2
100
AcDbEntity
  8
plot
370
    50
100
AcDbPolyline
 90
        4
 70
     1
 43
0.0
 10
110076.0531182731
 20
1597574.243453397
 10
110072.0531182731
 20
1597574.243453397
 10
110072.053118273
 20
1597560.743453397
 10
110076.0531182731
 20
1597560.743453397
  0
LWPOLYLINE
  5
C2
330
2
100
AcDbEntity
  8
plot
370
    50
100
AcDbPolyline
 90
        4
 70
     1
 43
0.0
 10
110072.0531182731
 20
1597574.243453397
 10
110068.0531182731
 20
1597574.243453397
 10
110068.0531182731
 20
1597560.743453397
 10
110072.053118273
 20
1597560.743453397
  0
LWPOLYLINE
  5
C3
330
2
100
AcDbEntity
  8
plot
370
    50
100
AcDbPolyline
 90
        4
 70
     1
 43
0.0
 10
110068.0531182731
 20
1597574.243453397
 10
110064.0531182731
 20
1597574.243453397
 10
110064.0531182731
 20
1597560.743453397
 10
110068.0531182731
 20
1597560.743453397
  0
LWPOLYLINE
  5
C4
330
2
100
AcDbEntity
  8
plot
370
    50
100
AcDbPolyline
 90
        5
 70
     1
 43
0.0
 10
110098.373319129
 20
1597560.743453397
 10
110092.0531182731
 20
1597560.743453397
 10
110092.0531182731
 20
1597547.243453397
 10
110092.3733191289
 20
1597547.243453397
 42
0.414213562373095
 10
110098.3733191289
 20
1597553.243453397
  0
LWPOLYLINE
  5
C5
330
2
100
AcDbEntity
  8
plot
370
    50
100
AcDbPolyline
 90
        4
 70
     1
 43
0.0
 10
110092.0531182731
 20
1597560.743453397
 10
110088.0531182731
 20
1597560.743453397
 10
110088.0531182731
 20
1597547.243453397
 10
110092.0531182731
 20
1597547.243453397
  0
LWPOLYLINE
  5
C6
330
2
100
AcDbEntity
  8
plot
370
    50
100
AcDbPolyline
 90
        4
 70
     1
 43
0.0
 10
110088.0531182731
 20
1597560.743453397
 10
110084.053118273
 20
1597560.743453397
 10
110084.053118273
 20
1597547.243453397
 10
110088.0531182731
 20
1597547.243453397
  0
LWPOLYLINE
  5
C7
330
2
100
AcDbEntity
  8
plot
370
    50
100
AcDbPolyline
 90
        4
 70
     1
 43
0.0
 10
110084.053118273
 20
1597560.743453397
 10
110080.0531182731
 20
1597560.743453397
 10
110080.0531182731
 20
1597547.243453397
 10
110084.053118273
 20
1597547.243453397
  0
LWPOLYLINE
  5
C8
330
2
100
AcDbEntity
  8
plot
370
    50
100
AcDbPolyline
 90
        4
 70
     1
 43
0.0
 10
110080.0531182731
 20
1597560.743453397
 10
110076.0531182731
 20
1597560.743453397
 10
110076.0531182731
 20
1597547.243453397
 10
110080.0531182731
 20
1597547.243453397
  0
LWPOLYLINE
  5
C9
330
2
100
AcDbEntity
  8
plot
370
    50
100
AcDbPolyline
 90
        4
 70
     1
 43
0.0
 10
110076.0531182731
 20
1597560.743453397
 10
110072.0531182731
 20
1597560.743453397
 10
110072.053118273
 20
1597547.243453397
 10
110076.0531182731
 20
1597547.243453397
  0
LWPOLYLINE
  5
CA
330
2
100
AcDbEntity
  8
plot
370
    50
100
AcDbPolyline
 90
        4
 70
     1
 43
0.0
 10
110072.0531182731
 20
1597560.743453397
 10
110068.0531182731
 20
1597560.743453397
 10
110068.0531182731
 20
1597547.243453397
 10
110072.053118273
 20
1597547.243453397
  0
LWPOLYLINE
  5
CB
330
2
100
AcDbEntity
  8
plot
370
    50
100
AcDbPolyline
 90
        4
 70
     1
 43
0.0
 10
110068.0531182731
 20
1597560.743453397
 10
110064.0531182731
 20
1597560.743453397
 10
110064.0531182731
 20
1597547.243453397
 10
110068.0531182731
 20
1597547.243453397
  0
LWPOLYLINE
  5
CC
330
2
100
AcDbEntity
  8
plot
370
    50
100
AcDbPolyline
 90
        5
 70
     1
 43
0.0
 10
110152.5404136527
 20
1597576.490760416
 10
110152.2463874342
 20
1597583.243453397
 10
110148.0733191289
 20
1597583.243453397
 10
110148.073319129
 20
1597569.243453397
 10
110152.8549713918
 20
1597569.243453397
  0
LWPOLYLINE
  5
CD
330
2
100
AcDbEntity
  8
plot
370
    50
100
AcDbPolyline
 90
        4
 70
     1
 43
0.0
 10
110148.0733191289
 20
1597583.243453397
 10
110144.0733191289
 20
1597583.243453397
 10
110144.073319129
 20
1597569.243453397
 10
110148.073319129
 20
1597569.243453397
  0
LWPOLYLINE
  5
CE
330
2
100
AcDbEntity
  8
plot
370
    50
100
AcDbPolyline
 90
        4
 70
     1
 43
0.0
 10
110144.0733191289
 20
1597583.243453397
 10
110140.0733191289
 20
1597583.243453397
 10
110140.073319129
 20
1597569.243453397
 10
110144.073319129
 20
1597569.243453397
  0
LWPOLYLINE
  5
CF
330
2
100
AcDbEntity
  8
plot
370
    50
100
AcDbPolyline
 90
        4
 70
     1
 43
0.0
 10
110140.0733191289
 20
1597583.243453397
 10
110136.0733191289
 20
1597583.243453397
 10
110136.073319129
 20
1597569.243453397
 10
110140.073319129
 20
1597569.243453397
  0
LWPOLYLINE
  5
D0
330
2
100
AcDbEntity
  8
plot
370
    50
100
AcDbPolyline
 90
        4
 70
     1
 43
0.0
 10
110132.0733191289
 20
1597583.243453397
 10
110128.0733191289
 20
1597583.243453397
 10
110128.073319129
 20
1597569.243453397
 10
110132.073319129
 20
1597569.243453397
  0
LWPOLYLINE
  5
D1
330
2
100
AcDbEntity
  8
plot
370
    50
100
AcDbPolyline
 90
        4
 70
     1
 43
0.0
 10
110136.0733191289
 20
1597583.243453397
 10
110132.0733191289
 20
1597583.243453397
 10
110132.0733191289
 20
1597569.243453397
 10
110136.073319129
 20
1597569.243453397
  0
LWPOLYLINE
  5
D2
330
2
100
AcDbEntity
  8
plot
370
    50
100
AcDbPolyline
 90
        4
 70
     1
 43
0.0
 10
110128.0733191289
 20
1597583.243453397
 10
110124.0733191289
 20
1597583.243453397
 10
110124.073319129
 20
1597569.243453397
 10
110128.073319129
 20
1597569.243453397
  0
LWPOLYLINE
  5
D3
330
2
100
AcDbEntity
  8
plot
370
    50
100
AcDbPolyline
 90
        4
 70
     1
 43
0.0
 10
110124.0733191289
 20
1597583.243453397
 10
110120.0733191289
 20
1597583.243453397
 10
110120.073319129
 20
1597569.243453397
 10
110124.073319129
 20
1597569.243453397
  0
LWPOLYLINE
  5
D4
330
2
100
AcDbEntity
  8
plot
370
    50
100
AcDbPolyline
 90
        5
 70
     1
 43
0.0
 10
110120.0733191289
 20
1597583.243453397
 10
110116.3733191289
 20
1597583.243453396
 42
0.0125058660984599
 10
110116.0733191289
 20
1597583.235948703
 10
110116.073319129
 20
1597569.243453397
 10
110120.073319129
 20
1597569.243453397
  0
LWPOLYLINE
  5
D5
330
2
100
AcDbEntity
  8
plot
370
    50
100
AcDbPolyline
 90
        4
 70
     1
 43
0.0
 10
110116.0733191289
 20
1597583.235948703
 42
0.399637534144893
 10
110110.3733191289
 20
1597577.243453396
 10
110110.3733191289
 20
1597569.243453397
 10
110116.073319129
 20
1597569.243453397
  0
LWPOLYLINE
  5
D6
330
2
100
AcDbEntity
  8
plot
370
    50
100
AcDbPolyline
 90
        4
 70
     1
 43
0.0
 10
110152.8549713918
 20
1597569.243453397
 10
110148.073319129
 20
1597569.243453397
 10
110148.073319129
 20
1597555.243453397
 10
110153.4626189407
 20
1597555.243453397
  0
LWPOLYLINE
  5
D7
330
2
100
AcDbEntity
  8
plot
370
    50
100
AcDbPolyline
 90
        4
 70
     1
 43
0.0
 10
110148.0733191289
 20
1597569.243453397
 10
110144.073319129
 20
1597569.243453397
 10
110144.073319129
 20
1597555.243453397
 10
110148.073319129
 20
1597555.243453397
  0
LWPOLYLINE
  5
D8
330
2
100
AcDbEntity
  8
plot
370
    50
100
AcDbPolyline
 90
        4
 70
     1
 43
0.0
 10
110144.073319129
 20
1597569.243453397
 10
110140.073319129
 20
1597569.243453397
 10
110140.073319129
 20
1597555.243453397
 10
110144.073319129
 20
1597555.243453397
  0
LWPOLYLINE
  5
D9
330
2
100
AcDbEntity
  8
plot
370
    50
100
AcDbPolyline
 90
        4
 70
     1
 43
0.0
 10
110140.073319129
 20
1597569.243453397
 10
110136.073319129
 20
1597569.243453397
 10
110136.073319129
 20
1597555.243453397
 10
110140.073319129
 20
1597555.243453397
  0
LWPOLYLINE
  5
DA
330
2
100
AcDbEntity
  8
plot
370
    50
100
AcDbPolyline
 90
        4
 70
     1
 43
0.0
 10
110136.073319129
 20
1597569.243453397
 10
110132.0733191289
 20
1597569.243453397
 10
110132.073319129
 20
1597555.243453397
 10
110136.073319129
 20
1597555.243453397
  0
LWPOLYLINE
  5
DB
330
2
100
AcDbEntity
  8
plot
370
    50
100
AcDbPolyline
 90
        4
 70
     1
 43
0.0
 10
110132.0733191289
 20
1597569.243453397
 10
110128.073319129
 20
1597569.243453397
 10
110128.073319129
 20
1597555.243453397
 10
110132.073319129
 20
1597555.243453397
  0
LWPOLYLINE
  5
DC
330
2
100
AcDbEntity
  8
plot
370
    50
100
AcDbPolyline
 90
        4
 70
     1
 43
0.0
 10
110128.0733191289
 20
1597569.243453397
 10
110124.073319129
 20
1597569.243453397
 10
110124.073319129
 20
1597555.243453397
 10
110128.073319129
 20
1597555.243453397
  0
LWPOLYLINE
  5
DD
330
2
100
AcDbEntity
  8
plot
370
    50
100
AcDbPolyline
 90
        4
 70
     1
 43
0.0
 10
110124.073319129
 20
1597569.243453397
 10
110120.073319129
 20
1597569.243453397
 10
110120.073319129
 20
1597555.243453397
 10
110124.073319129
 20
1597555.243453397
  0
LWPOLYLINE
  5
DE
330
2
100
AcDbEntity
  8
plot
370
    50
100
AcDbPolyline
 90
        5
 70
     1
 43
0.0
 10
110120.073319129
 20
1597569.243453397
 10
110116.073319129
 20
1597569.243453397
 10
110116.073319129
 20
1597555.25095809
 42
0.0125080688491909
 10
110116.3733719867
 20
1597555.243453397
 10
110120.073319129
 20
1597555.243453397
  0
LWPOLYLINE
  5
DF
330
2
100
AcDbEntity
  8
plot
370
    50
100
AcDbPolyline
 90
        4
 70
     1
 43
0.0
 10
110116.073319129
 20
1597569.243453397
 10
110110.3733191289
 20
1597569.243453397
 10
110110.3733191289
 20
1597561.24341602
 42
0.3996357280840982
 10
110116.073319129
 20
1597555.25095809
  0
LWPOLYLINE
  5
E0
330
2
100
AcDbEntity
  8
plot
370
    50
100
AcDbPolyline
 90
        4
 70
     1
 43
0.0
 10
110153.7230393188
 20
1597549.243453397
 10
110148.073319129
 20
1597549.243453397
 10
110148.073319129
 20
1597535.243453397
 10
110154.3306868678
 20
1597535.243453397
  0
LWPOLYLINE
  5
E1
330
2
100
AcDbEntity
  8
plot
370
    50
100
AcDbPolyline
 90
        4
 70
     1
 43
0.0
 10
110148.073319129
 20
1597549.243453397
 10
110144.073319129
 20
1597549.243453397
 10
110144.073319129
 20
1597535.243453397
 10
110148.073319129
 20
1597535.243453397
  0
LWPOLYLINE
  5
E2
330
2
100
AcDbEntity
  8
plot
370
    50
100
AcDbPolyline
 90
        4
 70
     1
 43
0.0
 10
110144.073319129
 20
1597549.243453397
 10
110140.073319129
 20
1597549.243453397
 10
110140.073319129
 20
1597535.243453397
 10
110144.073319129
 20
1597535.243453397
  0
LWPOLYLINE
  5
E3
330
2
100
AcDbEntity
  8
plot
370
    50
100
AcDbPolyline
 90
        4
 70
     1
 43
0.0
 10
110140.073319129
 20
1597549.243453397
 10
110136.073319129
 20
1597549.243453397
 10
110136.073319129
 20
1597535.243453397
 10
110140.073319129
 20
1597535.243453397
  0
LWPOLYLINE
  5
E4
330
2
100
AcDbEntity
  8
plot
370
    50
100
AcDbPolyline
 90
        4
 70
     1
 43
0.0
 10
110136.073319129
 20
1597549.243453397
 10
110132.073319129
 20
1597549.243453397
 10
110132.073319129
 20
1597535.243453397
 10
110136.073319129
 20
1597535.243453397
  0
LWPOLYLINE
  5
E5
330
2
100
AcDbEntity
  8
plot
370
    50
100
AcDbPolyline
 90
        4
 70
     1
 43
0.0
 10
110132.073319129
 20
1597549.243453397
 10
110128.073319129
 20
1597549.243453397
 10
110128.073319129
 20
1597535.243453397
 10
110132.073319129
 20
1597535.243453397
  0
LWPOLYLINE
  5
E6
330
2
100
AcDbEntity
  8
plot
370
    50
100
AcDbPolyline
 90
        4
 70
     1
 43
0.0
 10
110128.073319129
 20
1597549.243453397
 10
110124.073319129
 20
1597549.243453397
 10
110124.073319129
 20
1597535.243453397
 10
110128.073319129
 20
1597535.243453397
  0
LWPOLYLINE
  5
E7
330
2
100
AcDbEntity
  8
plot
370
    50
100
AcDbPolyline
 90
        4
 70
     1
 43
0.0
 10
110124.073319129
 20
1597549.243453397
 10
110120.073319129
 20
1597549.243453397
 10
110120.073319129
 20
1597535.243453397
 10
110124.073319129
 20
1597535.243453397
  0
LWPOLYLINE
  5
E8
330
2
100
AcDbEntity
  8
plot
370
    50
100
AcDbPolyline
 90
        5
 70
     1
 43
0.0
 10
110120.073319129
 20
1597549.243453397
 10
110116.3733191288
 20
1597549.243453396
 42
0.0125058660923882
 10
110116.073319129
 20
1597549.235948703
 10
110116.073319129
 20
1597535.243453397
 10
110120.073319129
 20
1597535.243453397
  0
LWPOLYLINE
  5
E9
330
2
100
AcDbEntity
  8
plot
370
    50
100
AcDbPolyline
 90
        4
 70
     1
 43
0.0
 10
110116.073319129
 20
1597549.235948703
 42
0.3996393402116821
 10
110110.3733191289
 20
1597543.24341602
 10
110110.3733191289
 20
1597535.243453397
 10
110116.073319129
 20
1597535.243453397
  0
LWPOLYLINE
  5
EA
330
2
100
AcDbEntity
  8
plot
370
    50
100
AcDbPolyline
 90
        4
 70
     1
 43
0.0
 10
110154.3306868678
 20
1597535.243453397
 10
110148.073319129
 20
1597535.243453397
 10
110148.073319129
 20
1597521.243453397
 10
110154.9383344168
 20
1597521.243453397
  0
LWPOLYLINE
  5
EB
330
2
100
AcDbEntity
  8
plot
370
    50
100
AcDbPolyline
 90
        4
 70
     1
 43
0.0
 10
110148.073319129
 20
1597535.243453397
 10
110144.073319129
 20
1597535.243453397
 10
110144.073319129
 20
1597521.243453397
 10
110148.073319129
 20
1597521.243453397
  0
LWPOLYLINE
  5
EC
330
2
100
AcDbEntity
  8
plot
370
    50
100
AcDbPolyline
 90
        4
 70
     1
 43
0.0
 10
110144.073319129
 20
1597535.243453397
 10
110140.073319129
 20
1597535.243453397
 10
110140.073319129
 20
1597521.243453397
 10
110144.073319129
 20
1597521.243453397
  0
LWPOLYLINE
  5
ED
330
2
100
AcDbEntity
  8
plot
370
    50
100
AcDbPolyline
 90
        4
 70
     1
 43
0.0
 10
110140.073319129
 20
1597535.243453397
 10
110136.073319129
 20
1597535.243453397
 10
110136.073319129
 20
1597521.243453397
 10
110140.073319129
 20
1597521.243453397
  0
LWPOLYLINE
  5
EE
330
2
100
AcDbEntity
  8
plot
370
    50
100
AcDbPolyline
 90
        4
 70
     1
 43
0.0
 10
110136.073319129
 20
1597535.243453397
 10
110132.073319129
 20
1597535.243453397
 10
110132.073319129
 20
1597521.243453397
 10
110136.073319129
 20
1597521.243453397
  0
LWPOLYLINE
  5
EF
330
2
100
AcDbEntity
  8
plot
370
    50
100
AcDbPolyline
 90
        4
 70
     1
 43
0.0
 10
110132.073319129
 20
1597535.243453397
 10
110128.073319129
 20
1597535.243453397
 10
110128.073319129
 20
1597521.243453397
 10
110132.073319129
 20
1597521.243453397
  0
LWPOLYLINE
  5
F0
330
2
100
AcDbEntity
  8
plot
370
    50
100
AcDbPolyline
 90
        4
 70
     1
 43
0.0
 10
110128.073319129
 20
1597535.243453397
 10
110124.073319129
 20
1597535.243453397
 10
110124.073319129
 20
1597521.243453397
 10
110128.073319129
 20
1597521.243453397
  0
LWPOLYLINE
  5
F1
330
2
100
AcDbEntity
  8
plot
370
    50
100
AcDbPolyline
 90
        4
 70
     1
 43
0.0
 10
110124.073319129
 20
1597535.243453397
 10
110120.073319129
 20
1597535.243453397
 10
110120.073319129
 20
1597521.243453397
 10
110124.073319129
 20
1597521.243453397
  0
LWPOLYLINE
  5
F2
330
2
100
AcDbEntity
  8
plot
370
    50
100
AcDbPolyline
 90
        5
 70
     1
 43
0.0
 10
110120.073319129
 20
1597535.243453397
 10
110116.073319129
 20
1597535.243453397
 10
110116.073319129
 20
1597521.25095809
 42
0.012508068852342
 10
110116.3733719868
 20
1597521.243453397
 10
110120.073319129
 20
1597521.243453397
  0
LWPOLYLINE
  5
F3
330
2
100
AcDbEntity
  8
plot
370
    50
100
AcDbPolyline
 90
        4
 70
     1
 43
0.0
 10
110116.073319129
 20
1597535.243453397
 10
110110.3733191289
 20
1597535.243453397
 10
110110.3733191289
 20
1597527.24341602
 42
0.3996357280840982
 10
110116.073319129
 20
1597521.25095809
  0
LWPOLYLINE
  5
F4
330
2
100
AcDbEntity
  8
plot
370
    50
100
AcDbPolyline
 90
        4
 70
     1
 43
0.0
 10
110155.1987547949
 20
1597515.243453397
 10
110148.0733191289
 20
1597515.243453397
 10
110148.0733191289
 20
1597502.243453397
 10
110155.7629989475
 20
1597502.243453397
  0
LWPOLYLINE
  5
F5
330
2
100
AcDbEntity
  8
plot
370
    50
100
AcDbPolyline
 90
        4
 70
     1
 43
0.0
 10
110148.0733191289
 20
1597515.243453397
 10
110144.0733191289
 20
1597515.243453397
 10
110144.0733191289
 20
1597502.243453397
 10
110148.0733191289
 20
1597502.243453397
  0
LWPOLYLINE
  5
F6
330
2
100
AcDbEntity
  8
plot
370
    50
100
AcDbPolyline
 90
        4
 70
     1
 43
0.0
 10
110144.0733191289
 20
1597515.243453397
 10
110140.0733191289
 20
1597515.243453397
 10
110140.0733191289
 20
1597502.243453397
 10
110144.0733191289
 20
1597502.243453397
  0
LWPOLYLINE
  5
F7
330
2
100
AcDbEntity
  8
plot
370
    50
100
AcDbPolyline
 90
        4
 70
     1
 43
0.0
 10
110136.0733191289
 20
1597515.243453397
 10
110132.0733191289
 20
1597515.243453397
 10
110132.0733191289
 20
1597502.243453397
 10
110136.0733191289
 20
1597502.243453397
  0
LWPOLYLINE
  5
F8
330
2
100
AcDbEntity
  8
plot
370
    50
100
AcDbPolyline
 90
        4
 70
     1
 43
0.0
 10
110140.0733191289
 20
1597515.243453397
 10
110136.0733191289
 20
1597515.243453397
 10
110136.0733191289
 20
1597502.243453397
 10
110140.0733191289
 20
1597502.243453397
  0
LWPOLYLINE
  5
F9
330
2
100
AcDbEntity
  8
plot
370
    50
100
AcDbPolyline
 90
        4
 70
     1
 43
0.0
 10
110132.0733191289
 20
1597515.243453397
 10
110128.0733191289
 20
1597515.243453397
 10
110128.0733191289
 20
1597502.243453397
 10
110132.0733191289
 20
1597502.243453397
  0
LWPOLYLINE
  5
FA
330
2
100
AcDbEntity
  8
plot
370
    50
100
AcDbPolyline
 90
        4
 70
     1
 43
0.0
 10
110128.0733191289
 20
1597515.243453397
 10
110124.0733191289
 20
1597515.243453397
 10
110124.0733191289
 20
1597502.243453397
 10
110128.0733191289
 20
1597502.243453397
  0
LWPOLYLINE
  5
FB
330
2
100
AcDbEntity
  8
plot
370
    50
100
AcDbPolyline
 90
        4
 70
     1
 43
0.0
 10
110124.0733191289
 20
1597515.243453397
 10
110120.0733191289
 20
1597515.243453397
 10
110120.0733191289
 20
1597502.243453397
 10
110124.0733191289
 20
1597502.243453397
  0
LWPOLYLINE
  5
FC
330
2
100
AcDbEntity
  8
plot
370
    50
100
AcDbPolyline
 90
        5
 70
     1
 43
0.0
 10
110120.0733191289
 20
1597515.243453397
 10
110116.3733191289
 20
1597515.243453396
 42
0.0125058660984599
 10
110116.0733191289
 20
1597515.235948703
 10
110116.0733191289
 20
1597502.243453397
 10
110120.0733191289
 20
1597502.243453397
  0
LWPOLYLINE
  5
FD
330
2
100
AcDbEntity
  8
plot
370
    50
100
AcDbPolyline
 90
        4
 70
     1
 43
0.0
 10
110116.0733191289
 20
1597515.235948703
 42
0.399637534144893
 10
110110.3733191289
 20
1597509.243453396
 10
110110.3733191289
 20
1597502.243453397
 10
110116.0733191289
 20
1597502.243453397
  0
LWPOLYLINE
  5
FE
330
2
100
AcDbEntity
  8
plot
370
    50
100
AcDbPolyline
 90
        4
 70
     1
 43
0.0
 10
110080.0531182731
 20
1597541.243453397
 10
110076.0531182731
 20
1597541.243453397
 10
110076.0531182731
 20
1597527.743453397
 10
110080.0531182731
 20
1597527.743453397
  0
LWPOLYLINE
  5
FF
330
2
100
AcDbEntity
  8
plot
370
    50
100
AcDbPolyline
 90
        4
 70
     1
 43
0.0
 10
110076.0531182731
 20
1597541.243453397
 10
110072.0531182731
 20
1597541.243453397
 10
110072.0531182731
 20
1597527.743453397
 10
110076.0531182731
 20
1597527.743453397
  0
LWPOLYLINE
  5
100
330
2
100
AcDbEntity
  8
plot
370
    50
100
AcDbPolyline
 90
        4
 70
     1
 43
0.0
 10
110072.0531182731
 20
1597541.243453397
 10
110068.0531182731
 20
1597541.243453397
 10
110068.0531182731
 20
1597527.743453397
 10
110072.0531182731
 20
1597527.743453397
  0
LWPOLYLINE
  5
101
330
2
100
AcDbEntity
  8
plot
370
    50
100
AcDbPolyline
 90
        4
 70
     1
 43
0.0
 10
110068.0531182731
 20
1597541.243453397
 10
110064.0531182731
 20
1597541.243453397
 10
110064.0531182731
 20
1597527.743453397
 10
110068.0531182731
 20
1597527.743453397
  0
LWPOLYLINE
  5
102
330
2
100
AcDbEntity
  8
plot
370
    50
100
AcDbPolyline
 90
        4
 70
     1
 43
0.0
 10
110064.0531182731
 20
1597541.243453397
 10
110060.0531182731
 20
1597541.243453397
 10
110060.0531182731
 20
1597527.743453397
 10
110064.0531182731
 20
1597527.743453397
  0
LWPOLYLINE
  5
103
330
2
100
AcDbEntity
  8
plot
370
    50
100
AcDbPolyline
 90
        4
 70
     1
 43
0.0
 10
110060.0531182731
 20
1597541.243453397
 10
110052.7152924369
 20
1597541.243453397
 10
110052.6114029918
 20
1597527.743453397
 10
110060.0531182731
 20
1597527.743453397
  0
LWPOLYLINE
  5
104
330
2
100
AcDbEntity
  8
plot
370
    50
100
AcDbPolyline
 90
        5
 70
     1
 43
0.0
 10
110098.373319129
 20
1597535.243453396
 42
0.4142135623736639
 10
110092.373319129
 20
1597541.243453396
 10
110092.0531182731
 20
1597541.243453396
 10
110092.0531182731
 20
1597527.743453397
 10
110098.373319129
 20
1597527.743453397
  0
LWPOLYLINE
  5
105
330
2
100
AcDbEntity
  8
plot
370
    50
100
AcDbPolyline
 90
        4
 70
     1
 43
0.0
 10
110092.0531182731
 20
1597541.243453397
 10
110088.0531182731
 20
1597541.243453397
 10
110088.0531182731
 20
1597527.743453397
 10
110092.0531182731
 20
1597527.743453397
  0
LWPOLYLINE
  5
106
330
2
100
AcDbEntity
  8
plot
370
    50
100
AcDbPolyline
 90
        4
 70
     1
 43
0.0
 10
110088.0531182731
 20
1597541.243453397
 10
110084.0531182731
 20
1597541.243453397
 10
110084.0531182731
 20
1597527.743453397
 10
110088.0531182731
 20
1597527.743453397
  0
LWPOLYLINE
  5
107
330
2
100
AcDbEntity
  8
plot
370
    50
100
AcDbPolyline
 90
        4
 70
     1
 43
0.0
 10
110084.0531182731
 20
1597541.243453397
 10
110080.0531182731
 20
1597541.243453397
 10
110080.0531182731
 20
1597527.743453397
 10
110084.0531182731
 20
1597527.743453397
  0
LWPOLYLINE
  5
108
330
2
100
AcDbEntity
  8
plot
370
    50
100
AcDbPolyline
 90
        4
 70
     1
 43
0.0
 10
110072.0531182731
 20
1597527.743453397
 10
110068.0531182731
 20
1597527.743453397
 10
110068.0531182731
 20
1597514.243453397
 10
110072.0531182731
 20
1597514.243453397
  0
LWPOLYLINE
  5
109
330
2
100
AcDbEntity
  8
plot
370
    50
100
AcDbPolyline
 90
        4
 70
     1
 43
0.0
 10
110068.0531182731
 20
1597527.743453397
 10
110064.0531182731
 20
1597527.743453397
 10
110064.0531182731
 20
1597514.243453397
 10
110068.0531182731
 20
1597514.243453397
  0
LWPOLYLINE
  5
10A
330
2
100
AcDbEntity
  8
plot
370
    50
100
AcDbPolyline
 90
        4
 70
     1
 43
0.0
 10
110064.0531182731
 20
1597527.743453397
 10
110060.0531182731
 20
1597527.743453397
 10
110060.0531182731
 20
1597514.243453397
 10
110064.0531182731
 20
1597514.243453397
  0
LWPOLYLINE
  5
10B
330
2
100
AcDbEntity
  8
plot
370
    50
100
AcDbPolyline
 90
        4
 70
     1
 43
0.0
 10
110060.0531182731
 20
1597527.743453397
 10
110052.6114029918
 20
1597527.743453397
 10
110052.5075135466
 20
1597514.243453397
 10
110060.0531182731
 20
1597514.243453397
  0
LWPOLYLINE
  5
10C
330
2
100
AcDbEntity
  8
plot
370
    50
100
AcDbPolyline
 90
        4
 70
     1
 43
0.0
 10
110080.0531182731
 20
1597527.743453397
 10
110076.0531182731
 20
1597527.743453397
 10
110076.0531182731
 20
1597514.243453397
 10
110080.0531182731
 20
1597514.243453397
  0
LWPOLYLINE
  5
10D
330
2
100
AcDbEntity
  8
plot
370
    50
100
AcDbPolyline
 90
        4
 70
     1
 43
0.0
 10
110084.0531182731
 20
1597527.743453397
 10
110080.0531182731
 20
1597527.743453397
 10
110080.0531182731
 20
1597514.243453397
 10
110084.0531182731
 20
1597514.243453397
  0
LWPOLYLINE
  5
10E
330
2
100
AcDbEntity
  8
plot
370
    50
100
AcDbPolyline
 90
        4
 70
     1
 43
0.0
 10
110088.0531182731
 20
1597527.743453397
 10
110084.0531182731
 20
1597527.743453397
 10
110084.0531182731
 20
1597514.243453397
 10
110088.0531182731
 20
1597514.243453397
  0
LWPOLYLINE
  5
10F
330
2
100
AcDbEntity
  8
plot
370
    50
100
AcDbPolyline
 90
        4
 70
     1
 43
0.0
 10
110092.0531182731
 20
1597527.743453397
 10
110088.0531182731
 20
1597527.743453397
 10
110088.0531182731
 20
1597514.243453397
 10
110092.0531182731
 20
1597514.243453397
  0
LWPOLYLINE
  5
110
330
2
100
AcDbEntity
  8
plot
370
    50
100
AcDbPolyline
 90
        5
 70
     1
 43
0.0
 10
110098.373319129
 20
1597527.743453397
 10
110092.0531182731
 20
1597527.743453397
 10
110092.0531182731
 20
1597514.243453397
 10
110092.373319129
 20
1597514.243453397
 42
0.4142135623725268
 10
110098.373319129
 20
1597520.243453397
  0
LWPOLYLINE
  5
111
330
2
100
AcDbEntity
  8
plot
370
    50
100
AcDbPolyline
 90
        4
 70
     1
 43
0.0
 10
110116.073319129
 20
1597604.905767624
 10
110110.373319129
 20
1597604.905767624
 10
110110.3733191289
 20
1597595.243453397
 42
0.399637534146301
 10
110116.073319129
 20
1597589.25095809
  0
LWPOLYLINE
  5
112
330
2
100
AcDbEntity
  8
plot
370
    50
100
AcDbPolyline
 90
        5
 70
     1
 43
0.0
 10
110120.073319129
 20
1597604.905767624
 10
110116.073319129
 20
1597604.905767624
 10
110116.073319129
 20
1597589.25095809
 42
0.0125058660972454
 10
110116.3733191289
 20
1597589.243453397
 10
110120.073319129
 20
1597589.243453397
  0
LWPOLYLINE
  5
113
330
2
100
AcDbEntity
  8
plot
370
    50
100
AcDbPolyline
 90
        4
 70
     1
 43
0.0
 10
110124.073319129
 20
1597604.905767624
 10
110120.073319129
 20
1597604.905767624
 10
110120.073319129
 20
1597589.243453397
 10
110124.073319129
 20
1597589.243453397
  0
LWPOLYLINE
  5
114
330
2
100
AcDbEntity
  8
plot
370
    50
100
AcDbPolyline
 90
        4
 70
     1
 43
0.0
 10
110128.073319129
 20
1597604.905767624
 10
110124.073319129
 20
1597604.905767624
 10
110124.073319129
 20
1597589.243453397
 10
110128.073319129
 20
1597589.243453397
  0
LWPOLYLINE
  5
115
330
2
100
AcDbEntity
  8
plot
370
    50
100
AcDbPolyline
 90
        4
 70
     1
 43
0.0
 10
110151.3031654702
 20
1597604.905767624
 10
110128.073319129
 20
1597604.905767624
 10
110128.073319129
 20
1597589.243453397
 10
110151.9851350249
 20
1597589.243453397
  0
LWPOLYLINE
  5
116
330
2
100
AcDbEntity
  8
plot
370
    50
100
AcDbPolyline
 90
        4
 70
     1
 43
0.0
 10
110076.0531182731
 20
1597527.743453397
 10
110072.0531182731
 20
1597527.743453397
 10
110072.0531182731
 20
1597514.243453397
 10
110076.0531182731
 20
1597514.243453397
  0
LWPOLYLINE
  5
117
330
2
100
AcDbEntity
  8
plot
370
    50
100
AcDbPolyline
 90
        5
 70
     1
 43
0.0
 10
110098.373319129
 20
1597586.243453397
 10
110098.373319129
 20
1597589.393453396
 10
110090.5025362831
 20
1597589.393453396
 10
110090.5025362831
 20
1597580.243453397
 10
110092.373319129
 20
1597580.243453397
 42
0.4142135623730951
  0
LINE
  5
118
330
2
100
AcDbEntity
  8
WALL
370
    30
100
AcDbLine
 10
110098.373319129
 20
1597586.243453397
 30
0.0
 11
110098.373319129
 21
1597595.889561161
 31
0.0
  0
LWPOLYLINE
  5
119
330
2
100
AcDbEntity
  8
WALL
 48
0.1
100
AcDbPolyline
 90
        3
 70
     0
 43
0.0
 10
110160.00635972
 20
1597660.676837167
 10
110111.7097113375
 20
1597651.90786949
 10
110047.2592048136
 20
1597644.277255098
  0
LWPOLYLINE
  5
11A
330
2
100
AcDbEntity
  8
WALL
370
    30
100
AcDbPolyline
 90
        4
 70
     0
 43
0.0
 10
110149.620024159
 20
1597643.56128813
 10
110115.3082330681
 20
1597637.372158627
 42
0.362858774168074
 10
110110.373319129
 20
1597631.467449346
 10
110110.373319129
 20
1597595.243453397
  0
LINE
  5
11B
330
2
100
AcDbEntity
  8
WALL
370
    30
100
AcDbLine
 10
110091.6678764562
 20
1597601.847946063
 30
0.0
 11
110053.0531182731
 21
1597597.276153762
 31
0.0
  0
LINE
  5
11C
330
2
100
AcDbEntity
  8
AA
100
AcDbLine
 10
110116.073319129
 20
1597589.243453397
 30
0.0
 11
110116.073319129
 21
1597604.905767624
 31
0.0
  0
LINE
  5
11E
330
2
100
AcDbEntity
  8
AA
100
AcDbLine
 10
110120.073319129
 20
1597589.243453397
 30
0.0
 11
110120.073319129
 21
1597604.905767624
 31
0.0
  0
LINE
  5
11F
330
2
100
AcDbEntity
  8
AA
100
AcDbLine
 10
110124.073319129
 20
1597589.243453397
 30
0.0
 11
110124.073319129
 21
1597604.905767624
 31
0.0
  0
LINE
  5
120
330
2
100
AcDbEntity
  8
AA
100
AcDbLine
 10
110128.073319129
 20
1597589.243453397
 30
0.0
 11
110128.073319129
 21
1597604.905767624
 31
0.0
  0
LINE
  5
121
330
2
100
AcDbEntity
  8
WALL
370
    30
100
AcDbLine
 10
110098.373319129
 20
1597520.243453397
 30
0.0
 11
110098.373319129
 21
1597535.243453397
 31
0.0
  0
LINE
  5
122
330
2
100
AcDbEntity
  8
WALL
370
    30
100
AcDbLine
 10
110098.373319129
 20
1597553.243453397
 30
0.0
 11
110098.373319129
 21
1597568.243453397
 31
0.0
  0
ARC
  5
123
330
2
100
AcDbEntity
  8
WALL
370
    30
100
AcDbCircle
 10
110092.373319129
 20
1597595.889561161
 30
0.0
 40
6.0
100
AcDbArc
 50
0.0
 51
96.75209905104094
  0
LINE
  5
124
330
2
100
AcDbEntity
  8
WALL
370
    30
100
AcDbLine
 10
110052.5075135466
 20
1597514.243453397
 30
0.0
 11
110092.373319129
 21
1597514.243453397
 31
0.0
  0
LINE
  5
125
330
2
100
AcDbEntity
  8
A. Hatch
370
    30
100
AcDbLine
 10
110052.615250749
 20
1597527.743453397
 30
0.0
 11
110098.373319129
 21
1597527.743453397
 31
0.0
  0
LINE
  5
127
330
2
100
AcDbEntity
  8
WALL
370
    30
100
AcDbLine
 10
110052.9435764698
 20
1597580.243453397
 30
0.0
 11
110092.373319129
 21
1597580.243453397
 31
0.0
  0
ARC
  5
128
330
2
100
AcDbEntity
  8
WALL
370
    30
100
AcDbCircle
 10
110092.373319129
 20
1597586.243453397
 30
0.0
 40
6.0
100
AcDbArc
 50
270.0
 51
0.0
  0
LINE
  5
129
330
2
100
AcDbEntity
  8
A. Hatch
370
    30
100
AcDbLine
 10
110052.9876475998
 20
1597589.393453397
 30
0.0
 11
110098.3733191289
 21
1597589.393453396
 31
0.0
  0
LINE
  5
12A
330
2
100
AcDbEntity
  8
AA
100
AcDbLine
 10
110120.073319129
 20
1597589.243453397
 30
0.0
 11
110120.073319129
 21
1597604.905767624
 31
0.0
  0
LINE
  5
12B
330
2
100
AcDbEntity
  8
AA
100
AcDbLine
 10
110124.073319129
 20
1597589.243453397
 30
0.0
 11
110124.073319129
 21
1597604.905767624
 31
0.0
  0
LINE
  5
12C
330
2
100
AcDbEntity
  8
AA
100
AcDbLine
 10
110128.073319129
 20
1597589.243453397
 30
0.0
 11
110128.073319129
 21
1597604.905767624
 31
0.0
  0
LINE
  5
12D
330
2
100
AcDbEntity
  8
A. Hatch
370
    30
100
AcDbLine
 10
110060.0531182731
 20
1597574.243453397
 30
0.0
 11
110060.0531182731
 21
1597547.243453397
 31
0.0
  0
LINE
  5
12E
330
2
100
AcDbEntity
  8
A. Hatch
370
    30
100
AcDbLine
 10
110060.0531182731
 20
1597541.243453397
 30
0.0
 11
110060.0531182731
 21
1597514.243453397
 31
0.0
  0
LINE
  5
12F
330
2
100
AcDbEntity
  8
A. Hatch
370
    30
100
AcDbLine
 10
110064.0531182731
 20
1597574.243453397
 30
0.0
 11
110064.0531182731
 21
1597547.243453397
 31
0.0
  0
LINE
  5
130
330
2
100
AcDbEntity
  8
A. Hatch
370
    30
100
AcDbLine
 10
110064.0531182731
 20
1597541.243453397
 30
0.0
 11
110064.0531182731
 21
1597514.243453397
 31
0.0
  0
LINE
  5
131
330
2
100
AcDbEntity
  8
A. Hatch
370
    30
100
AcDbLine
 10
110068.0531182731
 20
1597574.243453397
 30
0.0
 11
110068.0531182731
 21
1597547.243453397
 31
0.0
  0
LINE
  5
132
330
2
100
AcDbEntity
  8
A. Hatch
370
    30
100
AcDbLine
 10
110068.0531182731
 20
1597541.243453397
 30
0.0
 11
110068.0531182731
 21
1597514.243453397
 31
0.0
  0
LINE
  5
133
330
2
100
AcDbEntity
  8
A. Hatch
370
    30
100
AcDbLine
 10
110072.0531182731
 20
1597574.243453397
 30
0.0
 11
110072.053118273
 21
1597547.243453397
 31
0.0
  0
LINE
  5
134
330
2
100
AcDbEntity
  8
A. Hatch
370
    30
100
AcDbLine
 10
110072.0531182731
 20
1597541.243453397
 30
0.0
 11
110072.0531182731
 21
1597514.243453397
 31
0.0
  0
LINE
  5
135
330
2
100
AcDbEntity
  8
A. Hatch
370
    30
100
AcDbLine
 10
110076.0531182731
 20
1597574.243453397
 30
0.0
 11
110076.0531182731
 21
1597547.243453397
 31
0.0
  0
LINE
  5
136
330
2
100
AcDbEntity
  8
A. Hatch
370
    30
100
AcDbLine
 10
110076.0531182731
 20
1597541.243453397
 30
0.0
 11
110076.0531182731
 21
1597514.243453397
 31
0.0
  0
LINE
  5
137
330
2
100
AcDbEntity
  8
A. Hatch
370
    30
100
AcDbLine
 10
110080.0531182731
 20
1597574.243453397
 30
0.0
 11
110080.0531182731
 21
1597547.243453397
 31
0.0
  0
LINE
  5
138
330
2
100
AcDbEntity
  8
A. Hatch
370
    30
100
AcDbLine
 10
110080.0531182731
 20
1597541.243453397
 30
0.0
 11
110080.0531182731
 21
1597514.243453397
 31
0.0
  0
LINE
  5
139
330
2
100
AcDbEntity
  8
A. Hatch
370
    30
100
AcDbLine
 10
110084.0531182731
 20
1597574.243453397
 30
0.0
 11
110084.053118273
 21
1597547.243453397
 31
0.0
  0
LINE
  5
13A
330
2
100
AcDbEntity
  8
A. Hatch
370
    30
100
AcDbLine
 10
110084.0531182731
 20
1597541.243453397
 30
0.0
 11
110084.0531182731
 21
1597514.243453397
 31
0.0
  0
LINE
  5
13B
330
2
100
AcDbEntity
  8
A. Hatch
370
    30
100
AcDbLine
 10
110088.0531182731
 20
1597574.243453397
 30
0.0
 11
110088.0531182731
 21
1597547.243453397
 31
0.0
  0
LINE
  5
13C
330
2
100
AcDbEntity
  8
A. Hatch
370
    30
100
AcDbLine
 10
110088.0531182731
 20
1597541.243453397
 30
0.0
 11
110088.0531182731
 21
1597514.243453397
 31
0.0
  0
LINE
  5
13D
330
2
100
AcDbEntity
  8
A. Hatch
370
    30
100
AcDbLine
 10
110092.0531182731
 20
1597574.243453397
 30
0.0
 11
110092.0531182731
 21
1597547.243453397
 31
0.0
  0
LINE
  5
13E
330
2
100
AcDbEntity
  8
A. Hatch
370
    30
100
AcDbLine
 10
110092.0531182731
 20
1597541.243453397
 30
0.0
 11
110092.0531182731
 21
1597514.243453397
 31
0.0
  0
LINE
  5
13F
330
2
100
AcDbEntity
  8
A. Hatch
370
    30
100
AcDbLine
 10
110058.5025362831
 20
1597597.921337325
 30
0.0
 11
110058.5025362832
 21
1597580.243453397
 31
0.0
  0
LINE
  5
140
330
2
100
AcDbEntity
  8
A. Hatch
370
    30
100
AcDbLine
 10
110062.5025362831
 20
1597598.394917119
 30
0.0
 11
110062.5025362831
 21
1597580.243453397
 31
0.0
  0
LINE
  5
141
330
2
100
AcDbEntity
  8
A. Hatch
370
    30
100
AcDbLine
 10
110066.5025362831
 20
1597598.868496912
 30
0.0
 11
110066.5025362831
 21
1597580.243453397
 31
0.0
  0
LINE
  5
142
330
2
100
AcDbEntity
  8
A. Hatch
370
    30
100
AcDbLine
 10
110070.5025362832
 20
1597599.342076706
 30
0.0
 11
110070.5025362831
 21
1597580.243453397
 31
0.0
  0
LINE
  5
143
330
2
100
AcDbEntity
  8
A. Hatch
370
    30
100
AcDbLine
 10
110074.5025362831
 20
1597599.815656499
 30
0.0
 11
110074.5025362831
 21
1597580.243453397
 31
0.0
  0
LINE
  5
144
330
2
100
AcDbEntity
  8
A. Hatch
370
    30
100
AcDbLine
 10
110078.5025362831
 20
1597600.289236293
 30
0.0
 11
110078.5025362831
 21
1597580.243453397
 31
0.0
  0
LINE
  5
145
330
2
100
AcDbEntity
  8
A. Hatch
370
    30
100
AcDbLine
 10
110082.5025362831
 20
1597600.762816086
 30
0.0
 11
110082.5025362831
 21
1597580.243453397
 31
0.0
  0
LINE
  5
146
330
2
100
AcDbEntity
  8
A. Hatch
370
    30
100
AcDbLine
 10
110086.5025362831
 20
1597601.23639588
 30
0.0
 11
110086.5025362831
 21
1597580.243453397
 31
0.0
  0
LINE
  5
147
330
2
100
AcDbEntity
  8
A. Hatch
370
    30
100
AcDbLine
 10
110090.5025362832
 20
1597601.709975673
 30
0.0
 11
110090.5025362831
 21
1597580.243453397
 31
0.0
  0
LINE
  5
148
330
2
100
AcDbEntity
  8
WALL
370
    30
100
AcDbLine
 10
110116.373319129
 20
1597589.243453397
 30
0.0
 11
110151.9851350249
 21
1597589.243453397
 31
0.0
  0
LINE
  5
149
330
2
100
AcDbEntity
  8
WALL
370
    30
100
AcDbLine
 10
110116.3733191289
 20
1597583.243453397
 30
0.0
 11
110152.2463874342
 21
1597583.243453397
 31
0.0
  0
LINE
  5
14A
330
2
100
AcDbEntity
  8
A. Hatch
370
    30
100
AcDbLine
 10
110152.8549713918
 20
1597569.243453397
 30
0.0
 11
110110.3733191289
 21
1597569.243453397
 31
0.0
  0
LINE
  5
14B
330
2
100
AcDbEntity
  8
WALL
370
    30
100
AcDbLine
 10
110116.3733191289
 20
1597555.243453397
 30
0.0
 11
110153.4626189407
 21
1597555.243453397
 31
0.0
  0
LINE
  5
14C
330
2
100
AcDbEntity
  8
WALL
370
    30
100
AcDbLine
 10
110116.3733191289
 20
1597549.243453397
 30
0.0
 11
110153.7230393188
 21
1597549.243453397
 31
0.0
  0
LINE
  5
14D
330
2
100
AcDbEntity
  8
A. Hatch
370
    30
100
AcDbLine
 10
110154.3306868678
 20
1597535.243453397
 30
0.0
 11
110110.3733191289
 21
1597535.243453397
 31
0.0
  0
LINE
  5
14E
330
2
100
AcDbEntity
  8
WALL
370
    30
100
AcDbLine
 10
110116.3733191289
 20
1597521.243453397
 30
0.0
 11
110154.9383344168
 21
1597521.243453397
 31
0.0
  0
LINE
  5
14F
330
2
100
AcDbEntity
  8
WALL
370
    30
100
AcDbLine
 10
110155.1987547949
 20
1597515.243453397
 30
0.0
 11
110116.3733191289
 21
1597515.243453397
 31
0.0
  0
ARC
  5
150
330
2
100
AcDbEntity
  8
WALL
370
    30
100
AcDbCircle
 10
110116.3733191289
 20
1597595.243453397
 30
0.0
 40
6.0
100
AcDbArc
 50
180.0
 51
270.0
  0
LINE
  5
151
330
2
100
AcDbEntity
  8
WALL
370
    30
100
AcDbLine
 10
110110.3733191289
 20
1597577.243453397
 30
0.0
 11
110110.3733191289
 21
1597561.243453397
 31
0.0
  0
ARC
  5
152
330
2
100
AcDbEntity
  8
WALL
370
    30
100
AcDbCircle
 10
110116.3733191289
 20
1597577.243453396
 30
0.0
 40
6.0
100
AcDbArc
 50
90.0
 51
180.0
  0
ARC
  5
153
330
2
100
AcDbEntity
  8
WALL
370
    30
100
AcDbCircle
 10
110116.3733191288
 20
1597561.243453396
 30
0.0
 40
6.0
100
AcDbArc
 50
180.0
 51
270.0000000016676
  0
LINE
  5
154
330
2
100
AcDbEntity
  8
WALL
370
    30
100
AcDbLine
 10
110110.3733191289
 20
1597543.243453397
 30
0.0
 11
110110.3733191289
 21
1597527.243453397
 31
0.0
  0
LINE
  5
155
330
2
100
AcDbEntity
  8
A. Hatch
370
    30
100
AcDbLine
 10
110116.0733191289
 20
1597583.235948703
 30
0.0
 11
110116.073319129
 21
1597555.25095809
 31
0.0
  0
LINE
  5
156
330
2
100
AcDbEntity
  8
A. Hatch
370
    30
100
AcDbLine
 10
110120.0733191289
 20
1597583.235948703
 30
0.0
 11
110120.073319129
 21
1597555.25095809
 31
0.0
  0
LINE
  5
157
330
2
100
AcDbEntity
  8
A. Hatch
370
    30
100
AcDbLine
 10
110124.0733191289
 20
1597583.235948703
 30
0.0
 11
110124.073319129
 21
1597555.25095809
 31
0.0
  0
LINE
  5
158
330
2
100
AcDbEntity
  8
A. Hatch
370
    30
100
AcDbLine
 10
110128.0733191289
 20
1597583.235948703
 30
0.0
 11
110128.073319129
 21
1597555.25095809
 31
0.0
  0
LINE
  5
159
330
2
100
AcDbEntity
  8
A. Hatch
370
    30
100
AcDbLine
 10
110132.0733191289
 20
1597583.235948703
 30
0.0
 11
110132.073319129
 21
1597555.25095809
 31
0.0
  0
LINE
  5
15A
330
2
100
AcDbEntity
  8
A. Hatch
370
    30
100
AcDbLine
 10
110136.0733191289
 20
1597583.235948703
 30
0.0
 11
110136.073319129
 21
1597555.25095809
 31
0.0
  0
LINE
  5
15B
330
2
100
AcDbEntity
  8
A. Hatch
370
    30
100
AcDbLine
 10
110140.0733191289
 20
1597583.235948703
 30
0.0
 11
110140.073319129
 21
1597555.25095809
 31
0.0
  0
LINE
  5
15C
330
2
100
AcDbEntity
  8
A. Hatch
370
    30
100
AcDbLine
 10
110144.0733191289
 20
1597583.235948703
 30
0.0
 11
110144.073319129
 21
1597555.25095809
 31
0.0
  0
LINE
  5
15D
330
2
100
AcDbEntity
  8
A. Hatch
370
    30
100
AcDbLine
 10
110148.0733191289
 20
1597583.235948703
 30
0.0
 11
110148.073319129
 21
1597555.25095809
 31
0.0
  0
LINE
  5
15E
330
2
100
AcDbEntity
  8
A. Hatch
370
    30
100
AcDbLine
 10
110116.073319129
 20
1597549.235948703
 30
0.0
 11
110116.073319129
 21
1597521.25095809
 31
0.0
  0
LINE
  5
15F
330
2
100
AcDbEntity
  8
A. Hatch
370
    30
100
AcDbLine
 10
110120.073319129
 20
1597549.235948703
 30
0.0
 11
110120.073319129
 21
1597521.25095809
 31
0.0
  0
LINE
  5
160
330
2
100
AcDbEntity
  8
A. Hatch
370
    30
100
AcDbLine
 10
110124.073319129
 20
1597549.235948703
 30
0.0
 11
110124.073319129
 21
1597521.25095809
 31
0.0
  0
LINE
  5
161
330
2
100
AcDbEntity
  8
A. Hatch
370
    30
100
AcDbLine
 10
110128.073319129
 20
1597549.235948703
 30
0.0
 11
110128.073319129
 21
1597521.25095809
 31
0.0
  0
LINE
  5
162
330
2
100
AcDbEntity
  8
A. Hatch
370
    30
100
AcDbLine
 10
110132.073319129
 20
1597549.235948703
 30
0.0
 11
110132.073319129
 21
1597521.25095809
 31
0.0
  0
LINE
  5
163
330
2
100
AcDbEntity
  8
A. Hatch
370
    30
100
AcDbLine
 10
110136.073319129
 20
1597549.235948703
 30
0.0
 11
110136.073319129
 21
1597521.25095809
 31
0.0
  0
LINE
  5
164
330
2
100
AcDbEntity
  8
A. Hatch
370
    30
100
AcDbLine
 10
110140.073319129
 20
1597549.235948703
 30
0.0
 11
110140.073319129
 21
1597521.25095809
 31
0.0
  0
LINE
  5
165
330
2
100
AcDbEntity
  8
A. Hatch
370
    30
100
AcDbLine
 10
110144.073319129
 20
1597549.235948703
 30
0.0
 11
110144.073319129
 21
1597521.25095809
 31
0.0
  0
LINE
  5
166
330
2
100
AcDbEntity
  8
A. Hatch
370
    30
100
AcDbLine
 10
110148.073319129
 20
1597549.235948703
 30
0.0
 11
110148.073319129
 21
1597521.25095809
 31
0.0
  0
LINE
  5
167
330
2
100
AcDbEntity
  8
A. Hatch
370
    30
100
AcDbLine
 10
110116.0733191289
 20
1597515.235948703
 30
0.0
 11
110116.0733191289
 21
1597502.243453397
 31
0.0
  0
LINE
  5
168
330
2
100
AcDbEntity
  8
A. Hatch
370
    30
100
AcDbLine
 10
110120.0733191289
 20
1597515.235948703
 30
0.0
 11
110120.0733191289
 21
1597502.243453397
 31
0.0
  0
LINE
  5
169
330
2
100
AcDbEntity
  8
A. Hatch
370
    30
100
AcDbLine
 10
110124.0733191289
 20
1597515.235948703
 30
0.0
 11
110124.0733191289
 21
1597502.243453397
 31
0.0
  0
LINE
  5
16A
330
2
100
AcDbEntity
  8
A. Hatch
370
    30
100
AcDbLine
 10
110128.0733191289
 20
1597515.235948703
 30
0.0
 11
110128.0733191289
 21
1597502.243453397
 31
0.0
  0
LINE
  5
16B
330
2
100
AcDbEntity
  8
A. Hatch
370
    30
100
AcDbLine
 10
110132.0733191289
 20
1597515.235948703
 30
0.0
 11
110132.0733191289
 21
1597502.243453397
 31
0.0
  0
LINE
  5
16C
330
2
100
AcDbEntity
  8
A. Hatch
370
    30
100
AcDbLine
 10
110136.0733191289
 20
1597515.235948703
 30
0.0
 11
110136.0733191289
 21
1597502.243453397
 31
0.0
  0
LINE
  5
16D
330
2
100
AcDbEntity
  8
A. Hatch
370
    30
100
AcDbLine
 10
110140.0733191289
 20
1597515.235948703
 30
0.0
 11
110140.0733191289
 21
1597502.243453397
 31
0.0
  0
LINE
  5
16E
330
2
100
AcDbEntity
  8
A. Hatch
370
    30
100
AcDbLine
 10
110144.0733191289
 20
1597515.235948703
 30
0.0
 11
110144.0733191289
 21
1597502.243453397
 31
0.0
  0
LINE
  5
16F
330
2
100
AcDbEntity
  8
A. Hatch
370
    30
100
AcDbLine
 10
110148.0733191289
 20
1597515.235948703
 30
0.0
 11
110148.0733191289
 21
1597502.243453397
 31
0.0
  0
ARC
  5
170
330
2
100
AcDbEntity
  8
WALL
370
    30
100
AcDbCircle
 10
110116.3733191288
 20
1597543.243453396
 30
0.0
 40
6.0
100
AcDbArc
 50
89.99999999833247
 51
180.0
  0
ARC
  5
171
330
2
100
AcDbEntity
  8
WALL
370
    30
100
AcDbCircle
 10
110116.3733191288
 20
1597527.243453396
 30
0.0
 40
6.0
100
AcDbArc
 50
180.0
 51
270.0000000016676
  0
LINE
  5
172
330
2
100
AcDbEntity
  8
WALL
370
    30
100
AcDbLine
 10
110110.3733191289
 20
1597509.243453397
 30
0.0
 11
110110.3733191289
 21
1597502.243453397
 31
0.0
  0
ARC
  5
173
330
2
100
AcDbEntity
  8
WALL
370
    30
100
AcDbCircle
 10
110116.3733191289
 20
1597509.243453396
 30
0.0
 40
6.0
100
AcDbArc
 50
90.0
 51
180.0
  0
LINE
  5
174
330
2
100
AcDbEntity
  8
A. Hatch
370
    30
100
AcDbLine
 10
110092.373319129
 20
1597514.243453397
 30
0.0
 11
110052.5075135466
 21
1597514.243453397
 31
0.0
  0
LINE
  5
175
330
2
100
AcDbEntity
  8
A. Hatch
370
    30
100
AcDbLine
 10
110092.373319129
 20
1597541.243453397
 30
0.0
 11
110052.7152924369
 21
1597541.243453397
 31
0.0
  0
LINE
  5
176
330
2
100
AcDbEntity
  8
A. Hatch
370
    30
100
AcDbLine
 10
110092.373319129
 20
1597547.243453397
 30
0.0
 11
110052.7585658963
 21
1597547.243453397
 31
0.0
  0
LINE
  5
177
330
2
100
AcDbEntity
  8
A. Hatch
370
    30
100
AcDbLine
 10
110092.373319129
 20
1597574.243453397
 30
0.0
 11
110052.8997706062
 21
1597574.243453397
 31
0.0
  0
ARC
  5
178
330
2
100
AcDbEntity
  8
WALL
370
    30
100
AcDbCircle
 10
110092.373319129
 20
1597568.243453396
 30
0.0
 40
6.0
100
AcDbArc
 50
0.0
 51
90.0
  0
ARC
  5
179
330
2
100
AcDbEntity
  8
WALL
370
    30
100
AcDbCircle
 10
110092.3733191289
 20
1597553.243453397
 30
0.0
 40
6.0
100
AcDbArc
 50
270.0
 51
0.0
  0
ARC
  5
17A
330
2
100
AcDbEntity
  8
WALL
370
    30
100
AcDbCircle
 10
110092.373319129
 20
1597535.243453396
 30
0.0
 40
6.0
100
AcDbArc
 50
0.0
 51
90.0
  0
ARC
  5
17B
330
2
100
AcDbEntity
  8
WALL
370
    30
100
AcDbCircle
 10
110092.373319129
 20
1597520.243453397
 30
0.0
 40
6.0
100
AcDbArc
 50
270.0
 51
0.0
  0
MTEXT
  5
17C
102
{ACAD_XDICTIONARY
360
17D
102
}
330
2
100
AcDbEntity
  8
0
100
AcDbMText
 10
110105.1534624426
 20
1597568.218823062
 30
0.0
 40
0.8741701561800006
 41
23.74422906525651
 46
0.0
 71
     1
 72
     1
  1
\pxqc;12.00 MT.WIDE CROSS OVER ROAD
 11
-1.836970198721030E-16
 21
-1.0
 31
0.0
 73
     1
 44
1.0
  0
MTEXT
  5
17E
102
{ACAD_XDICTIONARY
360
17F
102
}
330
2
100
AcDbEntity
  8
0
100
AcDbMText
 10
110067.9530127156
 20
1597508.380062175
 30
0.0
 40
0.8741701561800006
 41
23.74422906525651
 46
0.0
 71
     1
 72
     1
  1
\pxqc;12.00 MT.WIDE CROSS OVER ROAD
 73
     1
 44
1.0
  0
MTEXT
  5
180
102
{ACAD_XDICTIONARY
360
181
102
}
330
2
100
AcDbEntity
  8
0
100
AcDbMText
 10
110124.5400338876
 20
1597518.708467172
 30
0.0
 40
0.8741701561800006
 41
23.74422906525651
 46
0.0
 71
     1
 72
     1
  1
\pxqc;6.00 MT.WIDE INTERNAL ROAD
 73
     1
 44
1.0
  0
MTEXT
  5
182
102
{ACAD_XDICTIONARY
360
183
102
}
330
2
100
AcDbEntity
  8
0
100
AcDbMText
 10
110122.5400338877
 20
1597552.414901477
 30
0.0
 40
0.8741701561800006
 41
23.74422906525651
 46
0.0
 71
     1
 72
     1
  1
\pxqc;6.00 MT.WIDE INTERNAL ROAD
 73
     1
 44
1.0
  0
MTEXT
  5
184
102
{ACAD_XDICTIONARY
360
185
102
}
330
2
100
AcDbEntity
  8
0
100
AcDbMText
 10
110123.2299167355
 20
1597587.201640703
 30
0.0
 40
0.8741701561800006
 41
23.74422906525651
 46
0.0
 71
     1
 72
     1
  1
\pxqc;6.00 MT.WIDE INTERNAL ROAD
 73
     1
 44
1.0
  0
MTEXT
  5
186
102
{ACAD_XDICTIONARY
360
187
102
}
330
2
100
AcDbEntity
  8
0
100
AcDbMText
 10
110062.93868583
 20
1597544.742910905
 30
0.0
 40
0.8741701561800006
 41
23.74422906525651
 46
0.0
 71
     1
 72
     1
  1
\pxqc;6.00 MT.WIDE INTERNAL ROAD
 73
     1
 44
1.0
  0
MTEXT
  5
188
102
{ACAD_XDICTIONARY
360
189
102
}
330
2
100
AcDbEntity
  8
0
100
AcDbMText
 10
110063.0443000755
 20
1597577.603923752
 30
0.0
 40
0.8741701561800006
 41
23.74422906525651
 46
0.0
 71
     1
 72
     1
  1
\pxqc;6.00 MT.WIDE INTERNAL ROAD
 73
     1
 44
1.0
  0
MTEXT
  5
18A
102
{ACAD_XDICTIONARY
360
18B
102
}
330
2
100
AcDbEntity
  8
0
100
AcDbMText
 10
110059.4645717119
 20
1597601.975054177
 30
0.0
 40
0.8741701561800006
 41
23.74422906525651
 46
0.0
 71
     1
 72
     1
  1
\pxqc;6.00 MT.WIDE INTERNAL ROAD
 11
0.9933646904779289
 21
0.1150069202773843
 31
0.0
 73
     1
 44
1.0
  0
MTEXT
  5
18C
102
{ACAD_XDICTIONARY
360
18D
102
}
330
2
100
AcDbEntity
  8
0
100
AcDbMText
 10
110099.8957394563
 20
1597499.323916782
 30
0.0
 40
2.0
 41
14.79798744578365
 46
0.0
 71
     1
 72
     1
  1
\pxqc;ADJ.SR.NO.29
 73
     1
 44
1.0
  0
MTEXT
  5
18E
102
{ACAD_XDICTIONARY
360
18F
102
}
330
2
100
AcDbEntity
  8
0
100
AcDbMText
 10
110158.0561397085
 20
1597522.476376928
 30
0.0
 40
2.0
 41
14.79798744578365
 46
0.0
 71
     1
 72
     1
  1
\pxqc;ADJ.SR.NO.38
 11
-0.06051466537510608
 21
0.9981673082577585
 31
0.0
 73
     1
 44
1.0
  0
MTEXT
  5
190
102
{ACAD_XDICTIONARY
360
191
102
}
330
2
100
AcDbEntity
  8
0
100
AcDbMText
 10
110155.4075473329
 20
1597606.760318196
 30
-14.02620885614306
 40
2.0
 41
14.79798744578365
 46
0.0
 71
     1
 72
     1
  1
\pxqc;ADJ.SR.NO.39
 11
-0.06051466537510608
 21
0.9981673082577585
 31
0.0
 73
     1
 44
1.0
  0
MTEXT
  5
192
102
{ACAD_XDICTIONARY
360
193
102
}
330
2
100
AcDbEntity
  8
0
100
AcDbMText
 10
110048.8897342955
 20
1597612.988527907
 30
-14.02620885614306
 40
2.0
 41
14.79798744578365
 46
0.0
 71
     1
 72
     1
  1
\pxqc;ADJ.SR.NO.27
 11
-0.06051466537510608
 21
0.9981673082577585
 31
0.0
 73
     1
 44
1.0
  0
MTEXT
  5
194
102
{ACAD_XDICTIONARY
360
195
102
}
330
2
100
AcDbEntity
  8
0
100
AcDbMText
 10
110048.0639267349
 20
1597556.613446097
 30
-14.02620885614306
 40
2.0
 41
14.79798744578365
 46
0.0
 71
     1
 72
     1
  1
\pxqc;ADJ.SR.NO.26
 11
-0.06051466537510608
 21
0.9981673082577585
 31
0.0
 73
     1
 44
1.0
  0
MTEXT
  5
196
102
{ACAD_XDICTIONARY
360
197
102
}
330
2
100
AcDbEntity
  8
0
100
AcDbMText
 10
110047.973285449
 20
1597516.324424068
 30
-14.02620885614306
 40
2.0
 41
14.79798744578365
 46
0.0
 71
     1
 72
     1
  1
\pxqc;ADJ.SR.NO.25
 11
-0.06051466537510608
 21
0.9981673082577585
 31
0.0
 73
     1
 44
1.0
  0
LINE
  5
198
330
2
100
AcDbEntity
  8
DILR SEET
100
AcDbLine
 10
110156.753726122
 20
1597647.03678281
 30
0.0
 11
110149.4883242783
 21
1597646.585946491
 31
0.0
1001
IRD
1002
{
1000
TPMLINK_DSAA-_-ade
1070
   515
1071
        1
1004
0100851200000C050000CD040000000000000237513992116740023751399211674002110000790B0000
1002
}
1002
{
1000
TPMLINK_GDFGFD-_-ade
1070
   515
1071
        2
1004
01001012000001050000C30400000000000002375139921167400237513992116740D6100000500B0000
1002
}
1002
{
1000
TPMLINK_gdfsgfs-_-ade
1070
   515
1071
        3
1004
0100ED110000F4040000B60400000000000002375139921167400237513992116740BC100000420B0000
1002
}
1002
{
1000
TPMLINK_FGDGFS-_-ade
1070
   515
1071
        4
1004
0100ED110000F4040000B604000000000000023751399211674002375139921167409F100000250B0000
1002
}
1002
{
1000
TPMLINK_GFDF-_-ade
1070
   515
1071
        5
1004
01001F280000F5070000D00700000000000007D77C0306F1524007D77C0306F15240
1002
}
1002
{
1000
TPMLINK_bbbbbbbbbbbbbbbb-_-ade
1070
   515
1071
        6
1004
0100F0110000B5040000F30400000000000002375139921167400237513992116740420B0000B8100000
1002
}
1002
{
1000
TPMLINK_NNNNNNN-_-ade
1070
   515
1071
        7
1004
0100F1110000B5040000F30400000000000002375139921167400237513992116740420B0000B8100000
1002
}
1002
{
1000
TPMLINK_oisjfi-_-ade
1070
   515
1071
        8
1004
0100F0110000B4040000F20400000000000002375139921167400237513992116740410B0000B7100000
1002
}
1002
{
1000
TPMLINK_RS-_-ade
1070
   515
1071
        9
1004
0100EC110000B4040000F20400000000000002375139921167400237513992116740400B0000B6100000
1002
}
1002
{
1000
TPMLINK_JHHJ-_-ade
1070
   515
1071
       10
1004
0100ED110000B4040000F204000000000000023751399211674002375139921167403F0B0000B5100000
1002
}
1002
{
1000
TPMLINK_POINTS-_-ade
1070
   515
1071
       11
1004
0100FB270000CF070000F40700000000000007D77C0306F1524007D77C0306F15240
1002
}
1002
{
1000
TPMLINK_FDDDFDF-_-ade
1070
   515
1071
       12
1004
0100FF110000B7040000F50400000000000002375139921167400237513992116740420B0000B8100000
1002
}
1002
{
1000
TPMLINK_fdfsfs-_-ade
1070
   515
1071
       13
1004
01001A130000B9040000F304000000000000847EA2CD81096740847EA2CD810967404A0B0000B3100000
1002
}
1002
{
1000
TPMLINK_dsdadas-_-ade
1070
   515
1071
       14
1004
010016130000B9040000F304000000000000847EA2CD81096740847EA2CD81096740490B0000B2100000
1002
}
1002
{
1000
TPMLINK_ffsdfsdf-_-ade
1070
   515
1071
       15
1004
010016130000B9040000F304000000000000847EA2CD81096740847EA2CD81096740490B0000B2100000
1002
}
1002
{
1000
TPMLINK_ggfgf-_-ade
1070
   515
1071
       16
1004
01000D130000B5040000EF04000000000000847EA2CD81096740847EA2CD810967402C0B00009D100000
1002
}
1002
{
1000
TPMLINK_dsdsds-_-ade
1070
   515
1071
       17
1004
01000D130000B5040000EF04000000000000847EA2CD81096740847EA2CD810967402C0B0000AC100000
1002
}
1002
{
1000
TPMLINK_fdffdf-_-ade
1070
   515
1071
       18
1004
01009F25000062070000840700000000000007D77C0306F1524007D77C0306F15240
1002
}
1002
{
1000
TPMLINK_FFDDF-_-ade
1070
   515
1071
       19
1004
01000D130000B5040000EF04000000000000847EA2CD81096740847EA2CD810967402C0B0000AC100000
1002
}
1002
{
1000
TPMLINK_GGFGGF-_-ade
1070
   515
1071
       20
1004
010019130000B9040000F304000000000000847EA2CD81096740847EA2CD81096740490B0000B2100000
1002
}
1002
{
1000
TPMLINK_PPP-_-ade
1070
   515
1071
       21
1004
010019130000B9040000F304000000000000847EA2CD81096740847EA2CD81096740490B0000B2100000
1002
}
1002
{
1000
TPMLINK_GGG-_-ade
1070
   515
1071
       22
1004
01009D25000086070000AC07000000000000D686309E14C35140D686309E14C35140
1002
}
1002
{
1000
TPMLINK_ggdgd-_-ade
1070
   515
1071
       23
1004
0100692B000087070000AD07000000000000D686309E14C35140D686309E14C351407813000008120000
1002
}
1002
{
1000
TPMLINK_GFGFGF-_-ade
1070
   515
1071
       24
1004
010019130000F3040000B904000000000000847EA2CD81096740847EA2CD8109674053100000270B0000
1002
}
1002
{
1000
TPMLINK_FFFFFD-_-ade
1070
   515
1071
       25
1004
010019130000F3040000B904000000000000847EA2CD81096740847EA2CD8109674053100000270B0000
1002
}
1002
{
1000
TPMLINK_HGHFHFG-_-ade
1070
   515
1071
       26
1004
010019130000F3040000B904000000000000847EA2CD81096740847EA2CD8109674053100000270B0000
1002
}
1002
{
1000
TPMLINK_GFGDF-_-ade
1070
   515
1071
       27
1004
010019130000F3040000B904000000000000847EA2CD81096740847EA2CD81096740B0100000300B0000
1002
}
1002
{
1000
TPMLINK_FDSS-_-ade
1070
   515
1071
       28
1004
01009E250000BA070000B807000000000000778002C9141E1D40778002C9141E1D40
1002
}
1002
{
1000
TPMLINK_fdfssdf-_-ade
1070
   515
1071
       29
1004
0100F5120000F3040000B904000000000000847EA2CD81096740847EA2CD81096740890B0000B5100000
1002
}
1002
{
1000
TPMLINK_GFF-_-ade
1070
   515
1071
       30
1004
0100EE120000F3040000B904000000000000847EA2CD81096740847EA2CD81096740860B0000B2100000
1002
}
1002
{
1000
TPMLINK_FSFSFSDF-_-ade
1070
   515
1071
       31
1004
01003326000092070000700700000000000007D77C0306F1524007D77C0306F15240
1002
}
1002
{
1000
TPMLINK_iughfin-_-ade
1070
   515
1071
       32
1004
0100F4120000B9040000F304000000000000847EA2CD81096740847EA2CD81096740B4100000880B0000
1002
}
1002
{
1000
TPMLINK_eff-_-ade
1070
   515
1071
       33
1004
0100F4120000B9040000F304000000000000847EA2CD81096740847EA2CD81096740B4100000880B0000
1002
}
1002
{
1000
TPMLINK_ssss-_-ade
1070
   515
1071
       34
1004
0100F4120000B9040000F304000000000000847EA2CD81096740847EA2CD81096740B4100000880B0000
1002
}
1002
{
1000
TPMLINK_zz-_-ade
1070
   515
1071
       35
1004
0100EE120000B9040000F304000000000000847EA2CD81096740847EA2CD81096740B2100000860B0000
1002
}
1002
{
1000
TPMLINK_hh-_-ade
1070
   515
1071
       36
1004
0100EE120000B9040000F304000000000000847EA2CD81096740847EA2CD810967402F0B0000AF100000
1002
}
1002
{
1000
TPMLINK_aaaaaaa-_-ade
1070
   515
1071
       37
1004
01002E260000C4070000C607000000000000778002C9141E1D40778002C9141E1D40
1002
}
  0
LINE
  5
19A
330
2
100
AcDbEntity
  8
DILR SEET
100
AcDbLine
 10
110053.2693931593
 20
1597632.904825431
 30
0.0
 11
110044.4342402713
 21
1597631.190161194
 31
0.0
1001
IRD
1002
{
1000
TPMLINK_DSAA-_-ade
1070
   515
1071
        1
1004
010087120000300500001F05000000000000011D4F37D8465A40011D4F37D8465A4002110000B8100000
1002
}
1002
{
1000
TPMLINK_GDFGFD-_-ade
1070
   515
1071
        2
1004
010012120000250500001405000000000000011D4F37D8465A40011D4F37D8465A40D61000008F100000
1002
}
1002
{
1000
TPMLINK_gdfsgfs-_-ade
1070
   515
1071
        3
1004
0100EF110000180500000705000000000000011D4F37D8465A40011D4F37D8465A40BC1000007F100000
1002
}
1002
{
1000
TPMLINK_FGDGFS-_-ade
1070
   515
1071
        4
1004
0100EF110000180500000705000000000000011D4F37D8465A40011D4F37D8465A409F100000190B0000
1002
}
1002
{
1000
TPMLINK_GFDF-_-ade
1070
   515
1071
        5
1004
01001B28000062080000550800000000000022A6A25F8DA3494022A6A25F8DA34940
1002
}
1002
{
1000
TPMLINK_bbbbbbbbbbbbbbbb-_-ade
1070
   515
1071
        6
1004
0100F2110000170500000605000000000000011D4F37D8465A40011D4F37D8465A40B81000007B100000
1002
}
1002
{
1000
TPMLINK_NNNNNNN-_-ade
1070
   515
1071
        7
1004
0100F3110000170500000605000000000000011D4F37D8465A40011D4F37D8465A40B81000007B100000
1002
}
1002
{
1000
TPMLINK_oisjfi-_-ade
1070
   515
1071
        8
1004
0100F2110000160500000505000000000000011D4F37D8465A40011D4F37D8465A40B71000007A100000
1002
}
1002
{
1000
TPMLINK_RS-_-ade
1070
   515
1071
        9
1004
0100EE110000160500000505000000000000011D4F37D8465A40011D4F37D8465A40B610000079100000
1002
}
1002
{
1000
TPMLINK_JHHJ-_-ade
1070
   515
1071
       10
1004
0100EF110000160500000505000000000000011D4F37D8465A40011D4F37D8465A40B510000078100000
1002
}
1002
{
1000
TPMLINK_POINTS-_-ade
1070
   515
1071
       11
1004
0100F427000061080000540800000000000022A6A25F8DA3494022A6A25F8DA34940
1002
}
1002
{
1000
TPMLINK_FDDDFDF-_-ade
1070
   515
1071
       12
1004
010001120000190500000805000000000000011D4F37D8465A40011D4F37D8465A40B81000007B100000
1002
}
1002
{
1000
TPMLINK_fdfsfs-_-ade
1070
   515
1071
       13
1004
01001C1300001905000007050000000000005D934EC5DC455A405D934EC5DC455A40B310000077100000
1002
}
1002
{
1000
TPMLINK_dsdadas-_-ade
1070
   515
1071
       14
1004
0100181300001905000007050000000000005D934EC5DC455A405D934EC5DC455A40B210000076100000
1002
}
1002
{
1000
TPMLINK_ffsdfsdf-_-ade
1070
   515
1071
       15
1004
0100181300001905000007050000000000005D934EC5DC455A405D934EC5DC455A40B210000076100000
1002
}
1002
{
1000
TPMLINK_ggfgf-_-ade
1070
   515
1071
       16
1004
01000F1300001505000003050000000000005D934EC5DC455A405D934EC5DC455A409D100000200B0000
1002
}
1002
{
1000
TPMLINK_dsdsds-_-ade
1070
   515
1071
       17
1004
01000F1300001505000003050000000000005D934EC5DC455A405D934EC5DC455A40AC100000200B0000
1002
}
1002
{
1000
TPMLINK_fdffdf-_-ade
1070
   515
1071
       18
1004
010097250000E1070000D7070000000000003B89674E0C563A403B89674E0C563A40
1002
}
1002
{
1000
TPMLINK_FFDDF-_-ade
1070
   515
1071
       19
1004
01000F1300000305000015050000000000005D934EC5DC455A405D934EC5DC455A40200B0000AC100000
1002
}
1002
{
1000
TPMLINK_GGFGGF-_-ade
1070
   515
1071
       20
1004
01001B1300000705000019050000000000005D934EC5DC455A405D934EC5DC455A4076100000B2100000
1002
}
1002
{
1000
TPMLINK_PPP-_-ade
1070
   515
1071
       21
1004
01001B1300000705000019050000000000005D934EC5DC455A405D934EC5DC455A4076100000B2100000
1002
}
1002
{
1000
TPMLINK_GGG-_-ade
1070
   515
1071
       22
1004
010097250000E3070000F207000000000000B278D01981A44940B278D01981A44940
1002
}
1002
{
1000
TPMLINK_ggdgd-_-ade
1070
   515
1071
       23
1004
0100632B0000E4070000F307000000000000B278D01981A44940B278D01981A449407A13000008120000
1002
}
1002
{
1000
TPMLINK_GFGFGF-_-ade
1070
   515
1071
       24
1004
01001B1300001905000007050000000000005D934EC5DC455A405D934EC5DC455A40531000001A100000
1002
}
1002
{
1000
TPMLINK_FFFFFD-_-ade
1070
   515
1071
       25
1004
01001B1300001905000007050000000000005D934EC5DC455A405D934EC5DC455A40531000001A100000
1002
}
1002
{
1000
TPMLINK_HGHFHFG-_-ade
1070
   515
1071
       26
1004
01001B1300001905000007050000000000005D934EC5DC455A405D934EC5DC455A40531000001A100000
1002
}
1002
{
1000
TPMLINK_GFGDF-_-ade
1070
   515
1071
       27
1004
01001B1300001905000007050000000000005D934EC5DC455A405D934EC5DC455A40B0100000240B0000
1002
}
1002
{
1000
TPMLINK_FDSS-_-ade
1070
   515
1071
       28
1004
010098250000F8070000F207000000000000D4D2319364783B40D4D2319364783B40
1002
}
1002
{
1000
TPMLINK_fdfssdf-_-ade
1070
   515
1071
       29
1004
0100F71200001905000007050000000000005D934EC5DC455A405D934EC5DC455A40890B0000C20B0000
1002
}
1002
{
1000
TPMLINK_GFF-_-ade
1070
   515
1071
       30
1004
0100F01200001905000007050000000000005D934EC5DC455A405D934EC5DC455A40860B0000BF0B0000
1002
}
1002
{
1000
TPMLINK_FSFSFSDF-_-ade
1070
   515
1071
       31
1004
01002E260000EF070000E5070000000000003B89674E0C563A403B89674E0C563A40
1002
}
1002
{
1000
TPMLINK_iughfin-_-ade
1070
   515
1071
       32
1004
0100F61200000705000019050000000000005D934EC5DC455A405D934EC5DC455A40C10B0000880B0000
1002
}
1002
{
1000
TPMLINK_eff-_-ade
1070
   515
1071
       33
1004
0100F61200000705000019050000000000005D934EC5DC455A405D934EC5DC455A40C10B0000880B0000
1002
}
1002
{
1000
TPMLINK_ssss-_-ade
1070
   515
1071
       34
1004
0100F61200000705000019050000000000005D934EC5DC455A405D934EC5DC455A40C10B0000880B0000
1002
}
1002
{
1000
TPMLINK_zz-_-ade
1070
   515
1071
       35
1004
0100F01200000705000019050000000000005D934EC5DC455A405D934EC5DC455A40BF0B0000860B0000
1002
}
1002
{
1000
TPMLINK_hh-_-ade
1070
   515
1071
       36
1004
0100F01200000705000019050000000000005D934EC5DC455A405D934EC5DC455A40230B0000AF100000
1002
}
1002
{
1000
TPMLINK_aaaaaaa-_-ade
1070
   515
1071
       37
1004
01002B260000E5070000EF070000000000003B89674E0C563A403B89674E0C563A40
1002
}
  0
LINE
  5
19B
330
2
100
AcDbEntity
  8
DILR SEET
100
AcDbLine
 10
110043.0306732578
 20
1597545.94202281
 30
0.0
 11
110052.7572254119
 21
1597546.108252373
 31
0.0
1001
IRD
1002
{
1000
TPMLINK_fg-_-ade
1070
   515
1071
        1
1004
0100F31100004B0500003305000000000000295E033EF6575B40295E033EF6575B409310000092100000
1002
}
1002
{
1000
TPMLINK_dd-_-ade
1070
   515
1071
        2
1004
0100F11100004B0500003305000000000000295E033EF6575B40295E033EF6575B409310000092100000
1002
}
1002
{
1000
TPMLINK_mani-_-ade
1070
   515
1071
        3
1004
0100F11100004B0500003305000000000000295E033EF6575B40295E033EF6575B409310000092100000
1002
}
1002
{
1000
TPMLINK_m-_-ade
1070
   515
1071
        4
1004
0100462600000C080000EB07000000000000295E033EF6575B40295E033EF6575B40
1002
}
1002
{
1000
TPMLINK_manikiran-_-ade
1070
   515
1071
        5
1004
0100031200004B0500003305000000000000295E033EF6575B40295E033EF6575B409310000092100000
1002
}
1002
{
1000
TPMLINK_1234-_-ade
1070
   515
1071
        6
1004
01002E2600000B080000EA07000000000000295E033EF6575B40295E033EF6575B40
1002
}
1002
{
1000
TPMLINK_rrrr-_-ade
1070
   515
1071
        7
1004
010091120000510500003A05000000000000295E033EF6575B40295E033EF6575B408F1000008E100000
1002
}
1002
{
1000
TPMLINK_uuu-_-ade
1070
   515
1071
        8
1004
010090120000510500003A05000000000000295E033EF6575B40295E033EF6575B408F1000008E100000
1002
}
1002
{
1000
TPMLINK_rw-_-ade
1070
   515
1071
        9
1004
0100632500001D080000FD07000000000000295E033EF6575B40295E033EF6575B40
1002
}
1002
{
1000
TPMLINK_dg-_-ade
1070
   515
1071
       10
1004
01008A1200004E0500003705000000000000295E033EF6575B40295E033EF6575B402F1000004A0B0000
1002
}
1002
{
1000
TPMLINK_yi-_-ade
1070
   515
1071
       11
1004
01008A1200004E0500003705000000000000295E033EF6575B40295E033EF6575B409110000092100000
1002
}
1002
{
1000
TPMLINK_mmmm-_-ade
1070
   515
1071
       12
1004
01008A1200004E0500003705000000000000295E033EF6575B40295E033EF6575B409410000095100000
1002
}
1002
{
1000
TPMLINK_fgyhrt-_-ade
1070
   515
1071
       13
1004
01008A1200004E0500003705000000000000295E033EF6575B40295E033EF6575B409410000095100000
1002
}
1002
{
1000
TPMLINK_jjjjjjjjj-_-ade
1070
   515
1071
       14
1004
01008A1200004E0500003705000000000000295E033EF6575B40295E033EF6575B408C1000008B100000
1002
}
1002
{
1000
TPMLINK_sfresf-_-ade
1070
   515
1071
       15
1004
0100642500001C080000FC07000000000000295E033EF6575B40295E033EF6575B40
1002
}
1002
{
1000
TPMLINK_jjjjnn-_-ade
1070
   515
1071
       16
1004
0100891200004E0500003705000000000000295E033EF6575B40295E033EF6575B409410000095100000
1002
}
1002
{
1000
TPMLINK_ds-_-ade
1070
   515
1071
       17
1004
01009F1200004E0500003605000000000000295E033EF6575B40295E033EF6575B40901000008F100000
1002
}
1002
{
1000
TPMLINK_dssd-_-ade
1070
   515
1071
       18
1004
01009D1200004E0500003605000000000000295E033EF6575B40295E033EF6575B40901000008F100000
1002
}
1002
{
1000
TPMLINK_aaa-_-ade
1070
   515
1071
       19
1004
010026250000FD070000DD07000000000000295E033EF6575B40295E033EF6575B40
1002
}
1002
{
1000
TPMLINK_SF-_-ade
1070
   515
1071
       20
1004
01009D1200004E0500003605000000000000295E033EF6575B40295E033EF6575B409810000099100000
1002
}
1002
{
1000
TPMLINK_DSD-_-ade
1070
   515
1071
       21
1004
01009D1200004E0500003605000000000000295E033EF6575B40295E033EF6575B4033100000510B0000
1002
}
1002
{
1000
TPMLINK_ASD-_-ade
1070
   515
1071
       22
1004
01009D1200004E0500003605000000000000295E033EF6575B40295E033EF6575B4033100000510B0000
1002
}
1002
{
1000
TPMLINK_SS-_-ade
1070
   515
1071
       23
1004
01009D1200004E0500003605000000000000295E033EF6575B40295E033EF6575B400E0B00000D0B0000
1002
}
1002
{
1000
TPMLINK_DSAA-_-ade
1070
   515
1071
       24
1004
01009F140000680500005105000000000000BC4E033EF6575B40BC4E033EF6575B40C8100000C7100000
1002
}
1002
{
1000
TPMLINK_GDFGFD-_-ade
1070
   515
1071
       25
1004
01000A1400005C0500004505000000000000BC4E033EF6575B40BC4E033EF6575B409F1000009E100000
1002
}
1002
{
1000
TPMLINK_gdfsgfs-_-ade
1070
   515
1071
       26
1004
0100DE1300004F0500003805000000000000BC4E033EF6575B40BC4E033EF6575B408F1000008E100000
1002
}
1002
{
1000
TPMLINK_FGDGFS-_-ade
1070
   515
1071
       27
1004
0100DE1300004F0500003805000000000000BC4E033EF6575B40BC4E033EF6575B40180B0000170B0000
1002
}
1002
{
1000
TPMLINK_GFDF-_-ade
1070
   515
1071
       28
1004
0100A3240000BC0800009808000000000000BC4E033EF6575B40BC4E033EF6575B40
1002
}
1002
{
1000
TPMLINK_bbbbbbbbbbbbbbbb-_-ade
1070
   515
1071
       29
1004
0100E01300004E0500003705000000000000BC4E033EF6575B40BC4E033EF6575B408B1000008A100000
1002
}
1002
{
1000
TPMLINK_NNNNNNN-_-ade
1070
   515
1071
       30
1004
0100DF1300004E0500003705000000000000BC4E033EF6575B40BC4E033EF6575B408B1000008A100000
1002
}
1002
{
1000
TPMLINK_oisjfi-_-ade
1070
   515
1071
       31
1004
0100DE1300004D0500003605000000000000BC4E033EF6575B40BC4E033EF6575B408A10000089100000
1002
}
1002
{
1000
TPMLINK_RS-_-ade
1070
   515
1071
       32
1004
0100DA1300004D0500003605000000000000BC4E033EF6575B40BC4E033EF6575B408910000088100000
1002
}
1002
{
1000
TPMLINK_JHHJ-_-ade
1070
   515
1071
       33
1004
0100D71300004D0500003605000000000000BC4E033EF6575B40BC4E033EF6575B408810000087100000
1002
}
1002
{
1000
TPMLINK_POINTS-_-ade
1070
   515
1071
       34
1004
0100A0240000BB0800009708000000000000BC4E033EF6575B40BC4E033EF6575B40
1002
}
1002
{
1000
TPMLINK_FDDDFDF-_-ade
1070
   515
1071
       35
1004
0100AF130000500500003905000000000000BC4E033EF6575B40BC4E033EF6575B408B1000008A100000
1002
}
1002
{
1000
TPMLINK_fdfsfs-_-ade
1070
   515
1071
       36
1004
0100931400004D0500003605000000000000BC4E033EF6575B40BC4E033EF6575B408710000086100000
1002
}
1002
{
1000
TPMLINK_dsdadas-_-ade
1070
   515
1071
       37
1004
01008F1400004D0500003605000000000000BC4E033EF6575B40BC4E033EF6575B408610000085100000
1002
}
1002
{
1000
TPMLINK_ffsdfsdf-_-ade
1070
   515
1071
       38
1004
01008F1400004D0500003605000000000000BC4E033EF6575B40BC4E033EF6575B408610000085100000
1002
}
1002
{
1000
TPMLINK_ggfgf-_-ade
1070
   515
1071
       39
1004
010086140000490500003205000000000000BC4E033EF6575B40BC4E033EF6575B401F0B00001E0B0000
1002
}
1002
{
1000
TPMLINK_dsdsds-_-ade
1070
   515
1071
       40
1004
010086140000490500003205000000000000BC4E033EF6575B40BC4E033EF6575B401F0B00001E0B0000
1002
}
1002
{
1000
TPMLINK_fdffdf-_-ade
1070
   515
1071
       41
1004
01005A230000450800002408000000000000BC4E033EF6575B40BC4E033EF6575B40
1002
}
1002
{
1000
TPMLINK_FFDDF-_-ade
1070
   515
1071
       42
1004
010086140000490500003205000000000000BC4E033EF6575B40BC4E033EF6575B401F0B00001E0B0000
1002
}
1002
{
1000
TPMLINK_GGFGGF-_-ade
1070
   515
1071
       43
1004
0100921400004D0500003605000000000000BC4E033EF6575B40BC4E033EF6575B408610000085100000
1002
}
1002
{
1000
TPMLINK_PPP-_-ade
1070
   515
1071
       44
1004
0100921400004D0500003605000000000000BC4E033EF6575B40BC4E033EF6575B408610000085100000
1002
}
1002
{
1000
TPMLINK_GGG-_-ade
1070
   515
1071
       45
1004
010059230000470800002608000000000000BC4E033EF6575B40BC4E033EF6575B40
1002
}
1002
{
1000
TPMLINK_ggdgd-_-ade
1070
   515
1071
       46
1004
010025290000480800002708000000000000BC4E033EF6575B40BC4E033EF6575B406414000037140000
1002
}
1002
{
1000
TPMLINK_GFGFGF-_-ade
1070
   515
1071
       47
1004
0100921400004D0500003605000000000000BC4E033EF6575B40BC4E033EF6575B402A10000029100000
1002
}
1002
{
1000
TPMLINK_FFFFFD-_-ade
1070
   515
1071
       48
1004
0100921400004D0500003605000000000000BC4E033EF6575B40BC4E033EF6575B402A10000029100000
1002
}
1002
{
1000
TPMLINK_HGHFHFG-_-ade
1070
   515
1071
       49
1004
0100921400004D0500003605000000000000BC4E033EF6575B40BC4E033EF6575B402A10000029100000
1002
}
1002
{
1000
TPMLINK_GFGDF-_-ade
1070
   515
1071
       50
1004
0100921400004D0500003605000000000000BC4E033EF6575B40BC4E033EF6575B40230B0000220B0000
1002
}
1002
{
1000
TPMLINK_FDSS-_-ade
1070
   515
1071
       51
1004
010059230000470800002608000000000000BC4E033EF6575B40BC4E033EF6575B40
1002
}
1002
{
1000
TPMLINK_fdfssdf-_-ade
1070
   515
1071
       52
1004
0100631400004D0500003605000000000000BC4E033EF6575B40BC4E033EF6575B40B20B0000B30B0000
1002
}
1002
{
1000
TPMLINK_GFF-_-ade
1070
   515
1071
       53
1004
01005C1400004D0500003605000000000000BC4E033EF6575B40BC4E033EF6575B40AF0B0000B00B0000
1002
}
1002
{
1000
TPMLINK_FSFSFSDF-_-ade
1070
   515
1071
       54
1004
01000B240000530800003208000000000000BC4E033EF6575B40BC4E033EF6575B40
1002
}
1002
{
1000
TPMLINK_iughfin-_-ade
1070
   515
1071
       55
1004
0100621400004D0500003605000000000000BC4E033EF6575B40BC4E033EF6575B40B10B0000B20B0000
1002
}
1002
{
1000
TPMLINK_eff-_-ade
1070
   515
1071
       56
1004
0100621400004D0500003605000000000000BC4E033EF6575B40BC4E033EF6575B40B10B0000B20B0000
1002
}
1002
{
1000
TPMLINK_ssss-_-ade
1070
   515
1071
       57
1004
0100621400004D0500003605000000000000BC4E033EF6575B40BC4E033EF6575B40B10B0000B20B0000
1002
}
1002
{
1000
TPMLINK_zz-_-ade
1070
   515
1071
       58
1004
01005C1400004D0500003605000000000000BC4E033EF6575B40BC4E033EF6575B40AF0B0000B00B0000
1002
}
1002
{
1000
TPMLINK_hh-_-ade
1070
   515
1071
       59
1004
01005C1400004D0500003605000000000000BC4E033EF6575B40BC4E033EF6575B40220B0000210B0000
1002
}
1002
{
1000
TPMLINK_aaaaaaa-_-ade
1070
   515
1071
       60
1004
010006240000530800003208000000000000BC4E033EF6575B40BC4E033EF6575B40
1002
}
  0
LINE
  5
19C
330
2
100
AcDbEntity
  8
DILR SEET
100
AcDbLine
 10
110160.5502719523
 20
1597580.594681714
 30
0.0
 11
110152.5404136526
 21
1597576.490760416
 31
0.0
1001
IRD
1002
{
1000
TPMLINK_fg-_-ade
1070
   515
1071
        1
1004
0100EB12000010050000DD040000000000008B820306911576408B82030691157640340B0000350B0000
1002
}
1002
{
1000
TPMLINK_dd-_-ade
1070
   515
1071
        2
1004
0100E912000010050000DD040000000000008B820306911576408B82030691157640340B0000350B0000
1002
}
1002
{
1000
TPMLINK_mani-_-ade
1070
   515
1071
        3
1004
0100E912000010050000DD040000000000008B820306911576408B82030691157640340B0000350B0000
1002
}
1002
{
1000
TPMLINK_m-_-ade
1070
   515
1071
        4
1004
0100DF240000A407000067070000000000002C7CB4B95B2C53402C7CB4B95B2C5340
1002
}
1002
{
1000
TPMLINK_manikiran-_-ade
1070
   515
1071
        5
1004
0100FB12000010050000DD040000000000008B820306911576408B82030691157640340B0000350B0000
1002
}
1002
{
1000
TPMLINK_1234-_-ade
1070
   515
1071
        6
1004
0100CA2400007D07000070070000000000008FF38103502842408FF3810350284240
1002
}
1002
{
1000
TPMLINK_rrrr-_-ade
1070
   515
1071
        7
1004
01007B13000016050000E4040000000000008B820306911576408B82030691157640370B0000380B0000
1002
}
1002
{
1000
TPMLINK_uuu-_-ade
1070
   515
1071
        8
1004
01007A13000016050000E4040000000000008B820306911576408B82030691157640370B0000380B0000
1002
}
1002
{
1000
TPMLINK_rw-_-ade
1070
   515
1071
        9
1004
01001824000082070000C0070000000000004C09CF9EB30555404C09CF9EB3055540
1002
}
1002
{
1000
TPMLINK_dg-_-ade
1070
   515
1071
       10
1004
010074130000E104000013050000000000008B820306911576408B82030691157640370B0000390B0000
1002
}
1002
{
1000
TPMLINK_yi-_-ade
1070
   515
1071
       11
1004
010074130000E104000013050000000000008B820306911576408B820306911576408510000084100000
1002
}
1002
{
1000
TPMLINK_mmmm-_-ade
1070
   515
1071
       12
1004
010074130000E104000013050000000000008B820306911576408B820306911576408810000087100000
1002
}
1002
{
1000
TPMLINK_fgyhrt-_-ade
1070
   515
1071
       13
1004
010074130000E104000013050000000000008B820306911576408B820306911576408810000087100000
1002
}
1002
{
1000
TPMLINK_jjjjjjjjj-_-ade
1070
   515
1071
       14
1004
010074130000E104000013050000000000008B820306911576408B82030691157640350B0000340B0000
1002
}
1002
{
1000
TPMLINK_sfresf-_-ade
1070
   515
1071
       15
1004
010018240000810700008E070000000000008FF38103502842408FF3810350284240
1002
}
1002
{
1000
TPMLINK_jjjjnn-_-ade
1070
   515
1071
       16
1004
010073130000E104000013050000000000008B820306911576408B820306911576408810000087100000
1002
}
1002
{
1000
TPMLINK_ds-_-ade
1070
   515
1071
       17
1004
01008713000013050000E1040000000000008B820306911576408B82030691157640380B0000390B0000
1002
}
1002
{
1000
TPMLINK_dssd-_-ade
1070
   515
1071
       18
1004
01008513000013050000E1040000000000008B820306911576408B82030691157640380B0000390B0000
1002
}
1002
{
1000
TPMLINK_aaa-_-ade
1070
   515
1071
       19
1004
0100DB230000980700005A070000000000002C7CB4B95B2C53402C7CB4B95B2C5340
1002
}
1002
{
1000
TPMLINK_SF-_-ade
1070
   515
1071
       20
1004
010085130000E104000013050000000000008B820306911576408B820306911576408C1000008B100000
1002
}
1002
{
1000
TPMLINK_DSD-_-ade
1070
   515
1071
       21
1004
010085130000E104000013050000000000008B820306911576408B820306911576403E0B0000400B0000
1002
}
1002
{
1000
TPMLINK_ASD-_-ade
1070
   515
1071
       22
1004
010085130000E104000013050000000000008B820306911576408B820306911576403E0B0000400B0000
1002
}
1002
{
1000
TPMLINK_SS-_-ade
1070
   515
1071
       23
1004
010085130000E104000013050000000000008B820306911576408B820306911576401A0B00001B0B0000
1002
}
1002
{
1000
TPMLINK_DSAA-_-ade
1070
   515
1071
       24
1004
010080150000FA0400002C050000000000002FAF0306911576402FAF0306911576407A0B0000790B0000
1002
}
1002
{
1000
TPMLINK_GDFGFD-_-ade
1070
   515
1071
       25
1004
0100EB140000EF04000021050000000000002FAF0306911576402FAF030691157640510B0000500B0000
1002
}
1002
{
1000
TPMLINK_gdfsgfs-_-ade
1070
   515
1071
       26
1004
0100BF140000E204000014050000000000002FAF0306911576402FAF030691157640430B0000420B0000
1002
}
1002
{
1000
TPMLINK_FGDGFS-_-ade
1070
   515
1071
       27
1004
0100BF140000E204000014050000000000002FAF0306911576402FAF030691157640240B0000250B0000
1002
}
1002
{
1000
TPMLINK_GFDF-_-ade
1070
   515
1071
       28
1004
010065230000160800002408000000000000FEA4810350284240FEA4810350284240
1002
}
1002
{
1000
TPMLINK_bbbbbbbbbbbbbbbb-_-ade
1070
   515
1071
       29
1004
0100C114000013050000E1040000000000002FAF0306911576402FAF030691157640420B0000430B0000
1002
}
1002
{
1000
TPMLINK_NNNNNNN-_-ade
1070
   515
1071
       30
1004
0100C014000013050000E1040000000000002FAF0306911576402FAF030691157640420B0000430B0000
1002
}
1002
{
1000
TPMLINK_oisjfi-_-ade
1070
   515
1071
       31
1004
0100BF14000012050000E0040000000000002FAF0306911576402FAF030691157640410B0000420B0000
1002
}
1002
{
1000
TPMLINK_RS-_-ade
1070
   515
1071
       32
1004
0100BB14000012050000E0040000000000002FAF0306911576402FAF030691157640400B0000410B0000
1002
}
1002
{
1000
TPMLINK_JHHJ-_-ade
1070
   515
1071
       33
1004
0100B814000012050000E0040000000000002FAF0306911576402FAF0306911576403F0B0000400B0000
1002
}
1002
{
1000
TPMLINK_POINTS-_-ade
1070
   515
1071
       34
1004
010064230000230800001508000000000000FEA4810350284240FEA4810350284240
1002
}
1002
{
1000
TPMLINK_FDDDFDF-_-ade
1070
   515
1071
       35
1004
01009014000015050000E3040000000000002FAF0306911576402FAF030691157640420B0000430B0000
1002
}
1002
{
1000
TPMLINK_fdfsfs-_-ade
1070
   515
1071
       36
1004
01006015000014050000E3040000000000002FAF0306911576402FAF0306911576404A0B00004B0B0000
1002
}
1002
{
1000
TPMLINK_dsdadas-_-ade
1070
   515
1071
       37
1004
01005C15000014050000E3040000000000002FAF0306911576402FAF030691157640490B00004A0B0000
1002
}
1002
{
1000
TPMLINK_ffsdfsdf-_-ade
1070
   515
1071
       38
1004
01005C15000014050000E3040000000000002FAF0306911576402FAF030691157640490B00004A0B0000
1002
}
1002
{
1000
TPMLINK_ggfgf-_-ade
1070
   515
1071
       39
1004
01005315000010050000DF040000000000002FAF0306911576402FAF0306911576402C0B00002B0B0000
1002
}
1002
{
1000
TPMLINK_dsdsds-_-ade
1070
   515
1071
       40
1004
01005315000010050000DF040000000000002FAF0306911576402FAF0306911576402C0B00002B0B0000
1002
}
1002
{
1000
TPMLINK_fdffdf-_-ade
1070
   515
1071
       41
1004
01003B220000E8070000DC07000000000000412366BCFF914640412366BCFF914640
1002
}
1002
{
1000
TPMLINK_FFDDF-_-ade
1070
   515
1071
       42
1004
010053150000DF04000010050000000000002FAF0306911576402FAF0306911576402B0B00002C0B0000
1002
}
1002
{
1000
TPMLINK_GGFGGF-_-ade
1070
   515
1071
       43
1004
01005F150000E304000014050000000000002FAF0306911576402FAF0306911576404A0B0000490B0000
1002
}
1002
{
1000
TPMLINK_PPP-_-ade
1070
   515
1071
       44
1004
01005F150000E304000014050000000000002FAF0306911576402FAF0306911576404A0B0000490B0000
1002
}
1002
{
1000
TPMLINK_GGG-_-ade
1070
   515
1071
       45
1004
01003D2200009E070000DE07000000000000777AB5B95B2C5340777AB5B95B2C5340
1002
}
1002
{
1000
TPMLINK_ggdgd-_-ade
1070
   515
1071
       46
1004
0100092800009F070000DF07000000000000777AB5B95B2C5340777AB5B95B2C53407714000078130000
1002
}
1002
{
1000
TPMLINK_GFGFGF-_-ade
1070
   515
1071
       47
1004
01005F150000E304000014050000000000002FAF0306911576402FAF030691157640280B0000270B0000
1002
}
1002
{
1000
TPMLINK_FFFFFD-_-ade
1070
   515
1071
       48
1004
01005F150000E304000014050000000000002FAF0306911576402FAF030691157640280B0000270B0000
1002
}
1002
{
1000
TPMLINK_HGHFHFG-_-ade
1070
   515
1071
       49
1004
01005F150000E304000014050000000000002FAF0306911576402FAF030691157640280B0000270B0000
1002
}
1002
{
1000
TPMLINK_GFGDF-_-ade
1070
   515
1071
       50
1004
01005F150000E304000014050000000000002FAF0306911576402FAF0306911576402F0B0000300B0000
1002
}
1002
{
1000
TPMLINK_FDSS-_-ade
1070
   515
1071
       51
1004
01003B220000EA070000A8070000000000009BFECE9EB30555409BFECE9EB3055540
1002
}
1002
{
1000
TPMLINK_fdfssdf-_-ade
1070
   515
1071
       52
1004
010030150000E304000014050000000000002FAF0306911576402FAF030691157640B4100000B5100000
1002
}
1002
{
1000
TPMLINK_GFF-_-ade
1070
   515
1071
       53
1004
010029150000E304000014050000000000002FAF0306911576402FAF030691157640B1100000B2100000
1002
}
1002
{
1000
TPMLINK_FSFSFSDF-_-ade
1070
   515
1071
       54
1004
0100ED220000F6070000B4070000000000009BFECE9EB30555409BFECE9EB3055540
1002
}
1002
{
1000
TPMLINK_iughfin-_-ade
1070
   515
1071
       55
1004
01002F150000E304000014050000000000002FAF0306911576402FAF030691157640B3100000B4100000
1002
}
1002
{
1000
TPMLINK_eff-_-ade
1070
   515
1071
       56
1004
01002F150000E304000014050000000000002FAF0306911576402FAF030691157640B3100000B4100000
1002
}
1002
{
1000
TPMLINK_ssss-_-ade
1070
   515
1071
       57
1004
01002F150000E304000014050000000000002FAF0306911576402FAF030691157640B3100000B4100000
1002
}
1002
{
1000
TPMLINK_zz-_-ade
1070
   515
1071
       58
1004
010029150000E304000014050000000000002FAF0306911576402FAF030691157640B1100000B2100000
1002
}
1002
{
1000
TPMLINK_hh-_-ade
1070
   515
1071
       59
1004
010029150000E304000014050000000000002FAF0306911576402FAF0306911576402E0B00002F0B0000
1002
}
1002
{
1000
TPMLINK_aaaaaaa-_-ade
1070
   515
1071
       60
1004
0100E6220000C1070000FD07000000000000895F96DF0CC75B40895F96DF0CC75B40
1002
}
  0
LINE
  5
19D
330
2
100
AcDbEntity
  8
DILR SEET
100
AcDbLine
 10
110155.0391808919
 20
1597493.272606869
 30
0.0
 11
110155.7629989474
 21
1597502.243453397
 31
0.0
1001
IRD
1002
{
1000
TPMLINK_fg-_-ade
1070
   515
1071
        1
1004
0100ED12000066050000430500000000000084905CC6E3C2414084905CC6E3C2414083100000350B0000
1002
}
1002
{
1000
TPMLINK_dd-_-ade
1070
   515
1071
        2
1004
0100EB12000066050000430500000000000084905CC6E3C2414084905CC6E3C2414083100000350B0000
1002
}
1002
{
1000
TPMLINK_mani-_-ade
1070
   515
1071
        3
1004
0100EB12000066050000430500000000000084905CC6E3C2414084905CC6E3C2414083100000350B0000
1002
}
1002
{
1000
TPMLINK_m-_-ade
1070
   515
1071
        4
1004
0100DD2400002F080000020800000000000084905CC6E3C2414084905CC6E3C24140
1002
}
1002
{
1000
TPMLINK_manikiran-_-ade
1070
   515
1071
        5
1004
0100FD12000066050000430500000000000084905CC6E3C2414084905CC6E3C2414083100000350B0000
1002
}
1002
{
1000
TPMLINK_1234-_-ade
1070
   515
1071
        6
1004
0100C52400002E080000010800000000000084905CC6E3C2414084905CC6E3C24140
1002
}
1002
{
1000
TPMLINK_rrrr-_-ade
1070
   515
1071
        7
1004
01007D1300006D0500004A0500000000000084905CC6E3C2414084905CC6E3C241407F100000380B0000
1002
}
1002
{
1000
TPMLINK_uuu-_-ade
1070
   515
1071
        8
1004
01007C1300006D0500004A0500000000000084905CC6E3C2414084905CC6E3C241407F100000380B0000
1002
}
1002
{
1000
TPMLINK_rw-_-ade
1070
   515
1071
        9
1004
01001424000040080000130800000000000084905CC6E3C2414084905CC6E3C24140
1002
}
1002
{
1000
TPMLINK_dg-_-ade
1070
   515
1071
       10
1004
0100761300006A050000470500000000000084905CC6E3C2414084905CC6E3C24140460B0000370B0000
1002
}
1002
{
1000
TPMLINK_yi-_-ade
1070
   515
1071
       11
1004
0100761300006A050000470500000000000084905CC6E3C2414084905CC6E3C241408E10000085100000
1002
}
1002
{
1000
TPMLINK_mmmm-_-ade
1070
   515
1071
       12
1004
0100761300006A050000470500000000000084905CC6E3C2414084905CC6E3C241409110000088100000
1002
}
1002
{
1000
TPMLINK_fgyhrt-_-ade
1070
   515
1071
       13
1004
0100761300006A050000470500000000000084905CC6E3C2414084905CC6E3C241409110000088100000
1002
}
1002
{
1000
TPMLINK_jjjjjjjjj-_-ade
1070
   515
1071
       14
1004
0100761300006A050000470500000000000084905CC6E3C2414084905CC6E3C241407C100000350B0000
1002
}
1002
{
1000
TPMLINK_sfresf-_-ade
1070
   515
1071
       15
1004
0100152400003F080000120800000000000084905CC6E3C2414084905CC6E3C24140
1002
}
1002
{
1000
TPMLINK_jjjjnn-_-ade
1070
   515
1071
       16
1004
0100751300006A050000470500000000000084905CC6E3C2414084905CC6E3C241409110000088100000
1002
}
1002
{
1000
TPMLINK_ds-_-ade
1070
   515
1071
       17
1004
0100891300006B050000470500000000000084905CC6E3C2414084905CC6E3C2414080100000390B0000
1002
}
1002
{
1000
TPMLINK_dssd-_-ade
1070
   515
1071
       18
1004
0100871300006B050000470500000000000084905CC6E3C2414084905CC6E3C2414080100000390B0000
1002
}
1002
{
1000
TPMLINK_aaa-_-ade
1070
   515
1071
       19
1004
0100D923000021080000F30700000000000084905CC6E3C2414084905CC6E3C24140
1002
}
1002
{
1000
TPMLINK_SF-_-ade
1070
   515
1071
       20
1004
0100871300006B050000470500000000000084905CC6E3C2414084905CC6E3C24140951000008C100000
1002
}
1002
{
1000
TPMLINK_DSD-_-ade
1070
   515
1071
       21
1004
0100871300006B050000470500000000000084905CC6E3C2414084905CC6E3C241404D0B00003E0B0000
1002
}
1002
{
1000
TPMLINK_ASD-_-ade
1070
   515
1071
       22
1004
0100871300006B050000470500000000000084905CC6E3C2414084905CC6E3C241404D0B00003E0B0000
1002
}
1002
{
1000
TPMLINK_SS-_-ade
1070
   515
1071
       23
1004
0100871300006B050000470500000000000084905CC6E3C2414084905CC6E3C24140110B00001A0B0000
1002
}
1002
{
1000
TPMLINK_DSAA-_-ade
1070
   515
1071
       24
1004
0100821500008505000061050000000000005C875DC6E3C241405C875DC6E3C24140B91000007A0B0000
1002
}
1002
{
1000
TPMLINK_GDFGFD-_-ade
1070
   515
1071
       25
1004
0100ED1400007905000055050000000000005C875DC6E3C241405C875DC6E3C2414090100000510B0000
1002
}
1002
{
1000
TPMLINK_gdfsgfs-_-ade
1070
   515
1071
       26
1004
0100C11400006C05000048050000000000005C875DC6E3C241405C875DC6E3C2414080100000430B0000
1002
}
1002
{
1000
TPMLINK_FGDGFS-_-ade
1070
   515
1071
       27
1004
0100C11400006C05000048050000000000005C875DC6E3C241405C875DC6E3C241401B0B0000240B0000
1002
}
1002
{
1000
TPMLINK_GFDF-_-ade
1070
   515
1071
       28
1004
010062230000E2080000B2080000000000005C875DC6E3C241405C875DC6E3C24140
1002
}
1002
{
1000
TPMLINK_bbbbbbbbbbbbbbbb-_-ade
1070
   515
1071
       29
1004
0100C31400006B05000047050000000000005C875DC6E3C241405C875DC6E3C241407C100000430B0000
1002
}
1002
{
1000
TPMLINK_NNNNNNN-_-ade
1070
   515
1071
       30
1004
0100C21400006B05000047050000000000005C875DC6E3C241405C875DC6E3C241407C100000430B0000
1002
}
1002
{
1000
TPMLINK_oisjfi-_-ade
1070
   515
1071
       31
1004
0100C11400006A05000046050000000000005C875DC6E3C241405C875DC6E3C241407B100000420B0000
1002
}
1002
{
1000
TPMLINK_RS-_-ade
1070
   515
1071
       32
1004
0100BD1400006A05000046050000000000005C875DC6E3C241405C875DC6E3C241407A100000410B0000
1002
}
1002
{
1000
TPMLINK_JHHJ-_-ade
1070
   515
1071
       33
1004
0100BA1400006A05000046050000000000005C875DC6E3C241405C875DC6E3C2414079100000400B0000
1002
}
1002
{
1000
TPMLINK_POINTS-_-ade
1070
   515
1071
       34
1004
01005F230000E1080000B1080000000000005C875DC6E3C241405C875DC6E3C24140
1002
}
1002
{
1000
TPMLINK_FDDDFDF-_-ade
1070
   515
1071
       35
1004
0100921400006D05000049050000000000005C875DC6E3C241405C875DC6E3C241407C100000430B0000
1002
}
1002
{
1000
TPMLINK_fdfsfs-_-ade
1070
   515
1071
       36
1004
0100621500006805000045050000000000005C875DC6E3C241405C875DC6E3C24140781000004B0B0000
1002
}
1002
{
1000
TPMLINK_dsdadas-_-ade
1070
   515
1071
       37
1004
01005E1500006805000045050000000000005C875DC6E3C241405C875DC6E3C24140771000004A0B0000
1002
}
1002
{
1000
TPMLINK_ffsdfsdf-_-ade
1070
   515
1071
       38
1004
01005E1500006805000045050000000000005C875DC6E3C241405C875DC6E3C24140771000004A0B0000
1002
}
1002
{
1000
TPMLINK_ggfgf-_-ade
1070
   515
1071
       39
1004
0100551500006405000041050000000000005C875DC6E3C241405C875DC6E3C24140220B00002B0B0000
1002
}
1002
{
1000
TPMLINK_dsdsds-_-ade
1070
   515
1071
       40
1004
0100551500006405000041050000000000005C875DC6E3C241405C875DC6E3C24140220B00002B0B0000
1002
}
1002
{
1000
TPMLINK_fdffdf-_-ade
1070
   515
1071
       41
1004
010038220000690800003B080000000000005C875DC6E3C241405C875DC6E3C24140
1002
}
1002
{
1000
TPMLINK_FFDDF-_-ade
1070
   515
1071
       42
1004
0100551500006405000041050000000000005C875DC6E3C241405C875DC6E3C24140220B00002B0B0000
1002
}
1002
{
1000
TPMLINK_GGFGGF-_-ade
1070
   515
1071
       43
1004
0100611500006805000045050000000000005C875DC6E3C241405C875DC6E3C24140771000004A0B0000
1002
}
1002
{
1000
TPMLINK_PPP-_-ade
1070
   515
1071
       44
1004
0100611500006805000045050000000000005C875DC6E3C241405C875DC6E3C24140771000004A0B0000
1002
}
1002
{
1000
TPMLINK_GGG-_-ade
1070
   515
1071
       45
1004
0100372200006B0800003D080000000000005C875DC6E3C241405C875DC6E3C24140
1002
}
1002
{
1000
TPMLINK_ggdgd-_-ade
1070
   515
1071
       46
1004
0100032800006C0800003E080000000000005C875DC6E3C241405C875DC6E3C24140D914000077140000
1002
}
1002
{
1000
TPMLINK_GFGFGF-_-ade
1070
   515
1071
       47
1004
0100611500006805000045050000000000005C875DC6E3C241405C875DC6E3C241401B100000280B0000
1002
}
1002
{
1000
TPMLINK_FFFFFD-_-ade
1070
   515
1071
       48
1004
0100611500006805000045050000000000005C875DC6E3C241405C875DC6E3C241401B100000280B0000
1002
}
1002
{
1000
TPMLINK_HGHFHFG-_-ade
1070
   515
1071
       49
1004
0100611500006805000045050000000000005C875DC6E3C241405C875DC6E3C241401B100000280B0000
1002
}
1002
{
1000
TPMLINK_GFGDF-_-ade
1070
   515
1071
       50
1004
0100611500006805000045050000000000005C875DC6E3C241405C875DC6E3C24140260B00002F0B0000
1002
}
1002
{
1000
TPMLINK_FDSS-_-ade
1070
   515
1071
       51
1004
0100372200006B0800003D080000000000005C875DC6E3C241405C875DC6E3C24140
1002
}
1002
{
1000
TPMLINK_fdfssdf-_-ade
1070
   515
1071
       52
1004
0100321500006805000045050000000000005C875DC6E3C241405C875DC6E3C24140C10B0000B4100000
1002
}
1002
{
1000
TPMLINK_GFF-_-ade
1070
   515
1071
       53
1004
01002B1500006805000045050000000000005C875DC6E3C241405C875DC6E3C24140BE0B0000B1100000
1002
}
1002
{
1000
TPMLINK_FSFSFSDF-_-ade
1070
   515
1071
       54
1004
0100E92200007708000049080000000000005C875DC6E3C241405C875DC6E3C24140
1002
}
1002
{
1000
TPMLINK_iughfin-_-ade
1070
   515
1071
       55
1004
0100311500006805000045050000000000005C875DC6E3C241405C875DC6E3C24140C00B0000B3100000
1002
}
1002
{
1000
TPMLINK_eff-_-ade
1070
   515
1071
       56
1004
0100311500006805000045050000000000005C875DC6E3C241405C875DC6E3C24140C00B0000B3100000
1002
}
1002
{
1000
TPMLINK_ssss-_-ade
1070
   515
1071
       57
1004
0100311500006805000045050000000000005C875DC6E3C241405C875DC6E3C24140C00B0000B3100000
1002
}
1002
{
1000
TPMLINK_zz-_-ade
1070
   515
1071
       58
1004
01002B1500006805000045050000000000005C875DC6E3C241405C875DC6E3C24140BE0B0000B1100000
1002
}
1002
{
1000
TPMLINK_hh-_-ade
1070
   515
1071
       59
1004
01002B1500006805000045050000000000005C875DC6E3C241405C875DC6E3C24140250B00002E0B0000
1002
}
1002
{
1000
TPMLINK_aaaaaaa-_-ade
1070
   515
1071
       60
1004
0100E42200007708000049080000000000005C875DC6E3C241405C875DC6E3C24140
1002
}
  0
LINE
  5
19E
330
2
100
AcDbEntity
  8
DILR SEET
100
AcDbLine
 10
110052.4151673731
 20
1597502.243453397
 30
0.0
 11
110052.212196308
 21
1597492.210337144
 31
0.0
1001
IRD
1002
{
1000
TPMLINK_fg-_-ade
1070
   515
1071
        1
1004
0100F91200005C0500007B0500000000000003D661133451424003D66113345142408310000090100000
1002
}
1002
{
1000
TPMLINK_dd-_-ade
1070
   515
1071
        2
1004
0100F71200005C0500007B0500000000000003D661133451424003D66113345142408310000090100000
1002
}
1002
{
1000
TPMLINK_mani-_-ade
1070
   515
1071
        3
1004
0100F71200005C0500007B0500000000000003D661133451424003D66113345142408310000090100000
1002
}
1002
{
1000
TPMLINK_m-_-ade
1070
   515
1071
        4
1004
0100D024000021080000490800000000000003D661133451424003D6611334514240
1002
}
1002
{
1000
TPMLINK_manikiran-_-ade
1070
   515
1071
        5
1004
0100091300005C0500007B0500000000000003D661133451424003D66113345142408310000090100000
1002
}
1002
{
1000
TPMLINK_1234-_-ade
1070
   515
1071
        6
1004
0100B824000020080000480800000000000003D661133451424003D6611334514240
1002
}
1002
{
1000
TPMLINK_rrrr-_-ade
1070
   515
1071
        7
1004
010089130000630500007F0500000000000003D661133451424003D66113345142407F1000008C100000
1002
}
1002
{
1000
TPMLINK_uuu-_-ade
1070
   515
1071
        8
1004
010088130000630500007F0500000000000003D661133451424003D66113345142407F1000008C100000
1002
}
1002
{
1000
TPMLINK_rw-_-ade
1070
   515
1071
        9
1004
01000724000032080000570800000000000003D661133451424003D6611334514240
1002
}
1002
{
1000
TPMLINK_dg-_-ade
1070
   515
1071
       10
1004
010082130000600500007C0500000000000003D661133451424003D6611334514240460B0000490B0000
1002
}
1002
{
1000
TPMLINK_yi-_-ade
1070
   515
1071
       11
1004
010082130000600500007C0500000000000003D661133451424003D66113345142408E10000093100000
1002
}
1002
{
1000
TPMLINK_mmmm-_-ade
1070
   515
1071
       12
1004
010082130000600500007C0500000000000003D661133451424003D66113345142409110000096100000
1002
}
1002
{
1000
TPMLINK_fgyhrt-_-ade
1070
   515
1071
       13
1004
010082130000600500007C0500000000000003D661133451424003D66113345142409110000096100000
1002
}
1002
{
1000
TPMLINK_jjjjjjjjj-_-ade
1070
   515
1071
       14
1004
010082130000600500007C0500000000000003D661133451424003D66113345142407C10000089100000
1002
}
1002
{
1000
TPMLINK_sfresf-_-ade
1070
   515
1071
       15
1004
01000824000031080000560800000000000003D661133451424003D6611334514240
1002
}
1002
{
1000
TPMLINK_jjjjnn-_-ade
1070
   515
1071
       16
1004
010081130000600500007C0500000000000003D661133451424003D66113345142409110000096100000
1002
}
1002
{
1000
TPMLINK_ds-_-ade
1070
   515
1071
       17
1004
010095130000600500007F0500000000000003D661133451424003D6611334514240801000008D100000
1002
}
1002
{
1000
TPMLINK_dssd-_-ade
1070
   515
1071
       18
1004
010093130000600500007F0500000000000003D661133451424003D6611334514240801000008D100000
1002
}
1002
{
1000
TPMLINK_aaa-_-ade
1070
   515
1071
       19
1004
0100CC230000120800003B0800000000000003D661133451424003D6611334514240
1002
}
1002
{
1000
TPMLINK_SF-_-ade
1070
   515
1071
       20
1004
010093130000600500007F0500000000000003D661133451424003D6611334514240951000009A100000
1002
}
1002
{
1000
TPMLINK_DSD-_-ade
1070
   515
1071
       21
1004
010093130000600500007F0500000000000003D661133451424003D66113345142404D0B0000500B0000
1002
}
1002
{
1000
TPMLINK_ASD-_-ade
1070
   515
1071
       22
1004
010093130000600500007F0500000000000003D661133451424003D66113345142404D0B0000500B0000
1002
}
1002
{
1000
TPMLINK_SS-_-ade
1070
   515
1071
       23
1004
010093130000600500007F0500000000000003D661133451424003D6611334514240110B00000C0B0000
1002
}
1002
{
1000
TPMLINK_DSAA-_-ade
1070
   515
1071
       24
1004
01008E1500007A0500009A05000000000000CFDC601334514240CFDC601334514240B9100000C5100000
1002
}
1002
{
1000
TPMLINK_GDFGFD-_-ade
1070
   515
1071
       25
1004
0100F91400006E0500008D05000000000000CFDC601334514240CFDC601334514240901000009C100000
1002
}
1002
{
1000
TPMLINK_gdfsgfs-_-ade
1070
   515
1071
       26
1004
0100CD140000610500008005000000000000CFDC601334514240CFDC601334514240801000008C100000
1002
}
1002
{
1000
TPMLINK_FGDGFS-_-ade
1070
   515
1071
       27
1004
0100CD140000610500008005000000000000CFDC601334514240CFDC6013345142401B0B0000160B0000
1002
}
1002
{
1000
TPMLINK_GFDF-_-ade
1070
   515
1071
       28
1004
010055230000D30800000809000000000000CFDC601334514240CFDC601334514240
1002
}
1002
{
1000
TPMLINK_bbbbbbbbbbbbbbbb-_-ade
1070
   515
1071
       29
1004
0100CF140000600500007F05000000000000CFDC601334514240CFDC6013345142407C10000088100000
1002
}
1002
{
1000
TPMLINK_NNNNNNN-_-ade
1070
   515
1071
       30
1004
0100CE140000600500007F05000000000000CFDC601334514240CFDC6013345142407C10000088100000
1002
}
1002
{
1000
TPMLINK_oisjfi-_-ade
1070
   515
1071
       31
1004
0100CD1400005F0500007E05000000000000CFDC601334514240CFDC6013345142407B10000087100000
1002
}
1002
{
1000
TPMLINK_RS-_-ade
1070
   515
1071
       32
1004
0100C91400005F0500007E05000000000000CFDC601334514240CFDC6013345142407A10000086100000
1002
}
1002
{
1000
TPMLINK_JHHJ-_-ade
1070
   515
1071
       33
1004
0100C61400005F0500007E05000000000000CFDC601334514240CFDC6013345142407910000085100000
1002
}
1002
{
1000
TPMLINK_POINTS-_-ade
1070
   515
1071
       34
1004
010052230000D20800000709000000000000CFDC601334514240CFDC601334514240
1002
}
1002
{
1000
TPMLINK_FDDDFDF-_-ade
1070
   515
1071
       35
1004
01009E140000620500008105000000000000CFDC601334514240CFDC6013345142407C10000088100000
1002
}
1002
{
1000
TPMLINK_fdfsfs-_-ade
1070
   515
1071
       36
1004
01006E1500005D0500007F05000000000000CFDC601334514240CFDC6013345142407810000084100000
1002
}
1002
{
1000
TPMLINK_dsdadas-_-ade
1070
   515
1071
       37
1004
01006A1500005D0500007F05000000000000CFDC601334514240CFDC6013345142407710000083100000
1002
}
1002
{
1000
TPMLINK_ffsdfsdf-_-ade
1070
   515
1071
       38
1004
01006A1500005D0500007F05000000000000CFDC601334514240CFDC6013345142407710000083100000
1002
}
1002
{
1000
TPMLINK_ggfgf-_-ade
1070
   515
1071
       39
1004
010061150000590500007B05000000000000CFDC601334514240CFDC601334514240220B00001D0B0000
1002
}
1002
{
1000
TPMLINK_dsdsds-_-ade
1070
   515
1071
       40
1004
010061150000590500007B05000000000000CFDC601334514240CFDC601334514240220B00001D0B0000
1002
}
1002
{
1000
TPMLINK_fdffdf-_-ade
1070
   515
1071
       41
1004
01002B2200005A0800008A08000000000000CFDC601334514240CFDC601334514240
1002
}
1002
{
1000
TPMLINK_FFDDF-_-ade
1070
   515
1071
       42
1004
010061150000590500007B05000000000000CFDC601334514240CFDC601334514240220B00001D0B0000
1002
}
1002
{
1000
TPMLINK_GGFGGF-_-ade
1070
   515
1071
       43
1004
01006D1500005D0500007F05000000000000CFDC601334514240CFDC6013345142407710000083100000
1002
}
1002
{
1000
TPMLINK_PPP-_-ade
1070
   515
1071
       44
1004
01006D1500005D0500007F05000000000000CFDC601334514240CFDC6013345142407710000083100000
1002
}
1002
{
1000
TPMLINK_GGG-_-ade
1070
   515
1071
       45
1004
01002A2200005C0800008C08000000000000CFDC601334514240CFDC601334514240
1002
}
1002
{
1000
TPMLINK_ggdgd-_-ade
1070
   515
1071
       46
1004
0100F62700005D0800008D08000000000000CFDC601334514240CFDC601334514240D9140000E3140000
1002
}
1002
{
1000
TPMLINK_GFGFGF-_-ade
1070
   515
1071
       47
1004
01006D1500005D0500007F05000000000000CFDC601334514240CFDC6013345142401B10000027100000
1002
}
1002
{
1000
TPMLINK_FFFFFD-_-ade
1070
   515
1071
       48
1004
01006D1500005D0500007F05000000000000CFDC601334514240CFDC6013345142401B10000027100000
1002
}
1002
{
1000
TPMLINK_HGHFHFG-_-ade
1070
   515
1071
       49
1004
01006D1500005D0500007F05000000000000CFDC601334514240CFDC6013345142401B10000027100000
1002
}
1002
{
1000
TPMLINK_GFGDF-_-ade
1070
   515
1071
       50
1004
01006D1500005D0500007F05000000000000CFDC601334514240CFDC601334514240260B0000210B0000
1002
}
1002
{
1000
TPMLINK_FDSS-_-ade
1070
   515
1071
       51
1004
01002A2200005C0800008C08000000000000CFDC601334514240CFDC601334514240
1002
}
1002
{
1000
TPMLINK_fdfssdf-_-ade
1070
   515
1071
       52
1004
01003E1500005D0500007F05000000000000CFDC601334514240CFDC601334514240C10B0000B50B0000
1002
}
1002
{
1000
TPMLINK_GFF-_-ade
1070
   515
1071
       53
1004
0100371500005D0500007F05000000000000CFDC601334514240CFDC601334514240BE0B0000B20B0000
1002
}
1002
{
1000
TPMLINK_FSFSFSDF-_-ade
1070
   515
1071
       54
1004
0100DC220000680800009808000000000000CFDC601334514240CFDC601334514240
1002
}
1002
{
1000
TPMLINK_iughfin-_-ade
1070
   515
1071
       55
1004
01003D1500005D0500007F05000000000000CFDC601334514240CFDC601334514240C00B0000B40B0000
1002
}
1002
{
1000
TPMLINK_eff-_-ade
1070
   515
1071
       56
1004
01003D1500005D0500007F05000000000000CFDC601334514240CFDC601334514240C00B0000B40B0000
1002
}
1002
{
1000
TPMLINK_ssss-_-ade
1070
   515
1071
       57
1004
01003D1500005D0500007F05000000000000CFDC601334514240CFDC601334514240C00B0000B40B0000
1002
}
1002
{
1000
TPMLINK_zz-_-ade
1070
   515
1071
       58
1004
0100371500005D0500007F05000000000000CFDC601334514240CFDC601334514240BE0B0000B20B0000
1002
}
1002
{
1000
TPMLINK_hh-_-ade
1070
   515
1071
       59
1004
0100371500005D0500007F05000000000000CFDC601334514240CFDC601334514240250B0000200B0000
1002
}
1002
{
1000
TPMLINK_aaaaaaa-_-ade
1070
   515
1071
       60
1004
0100D7220000680800009808000000000000CFDC601334514240CFDC601334514240
1002
}
  0
LINE
  5
19F
330
2
100
AcDbEntity
  8
DILR SEET
100
AcDbLine
 10
110052.9208914171
 20
1597580.648434004
 30
0.0
 11
110043.9221782438
 21
1597580.496245885
 31
0.0
1001
IRD
1002
{
1000
TPMLINK_fg-_-ade
1070
   515
1071
        1
1004
0100F31900001A0500002F05000000000000C19B785165DE5A40C19B785165DE5A409310000082100000
1002
}
1002
{
1000
TPMLINK_dd-_-ade
1070
   515
1071
        2
1004
0100F11900001A0500002F05000000000000C19B785165DE5A40C19B785165DE5A409310000082100000
1002
}
1002
{
1000
TPMLINK_mani-_-ade
1070
   515
1071
        3
1004
0100F11900001A0500002F05000000000000C19B785165DE5A40C19B785165DE5A409310000082100000
1002
}
1002
{
1000
TPMLINK_m-_-ade
1070
   515
1071
        4
1004
0100E11A0000C8070000E407000000000000C19B785165DE5A40C19B785165DE5A40
1002
}
1002
{
1000
TPMLINK_manikiran-_-ade
1070
   515
1071
        5
1004
0100F71900001A0500002F05000000000000C19B785165DE5A40C19B785165DE5A409310000082100000
1002
}
1002
{
1000
TPMLINK_1234-_-ade
1070
   515
1071
        6
1004
0100DC1A0000C7070000E307000000000000C19B785165DE5A40C19B785165DE5A40
1002
}
1002
{
1000
TPMLINK_rrrr-_-ade
1070
   515
1071
        7
1004
01002F1A00001F0500003605000000000000C19B785165DE5A40C19B785165DE5A408F1000007E100000
1002
}
1002
{
1000
TPMLINK_uuu-_-ade
1070
   515
1071
        8
1004
01002E1A00001F0500003605000000000000C19B785165DE5A40C19B785165DE5A408F1000007E100000
1002
}
1002
{
1000
TPMLINK_rw-_-ade
1070
   515
1071
        9
1004
0100AE1A0000D7070000F507000000000000C19B785165DE5A40C19B785165DE5A40
1002
}
1002
{
1000
TPMLINK_dg-_-ade
1070
   515
1071
       10
1004
0100281A00001C0500003305000000000000C19B785165DE5A40C19B785165DE5A402F100000480B0000
1002
}
1002
{
1000
TPMLINK_yi-_-ade
1070
   515
1071
       11
1004
0100271A00001C0500003305000000000000C19B785165DE5A40C19B785165DE5A409110000090100000
1002
}
1002
{
1000
TPMLINK_mmmm-_-ade
1070
   515
1071
       12
1004
0100271A00001C0500003305000000000000C19B785165DE5A40C19B785165DE5A409410000093100000
1002
}
1002
{
1000
TPMLINK_fgyhrt-_-ade
1070
   515
1071
       13
1004
0100271A00001C0500003305000000000000C19B785165DE5A40C19B785165DE5A409410000093100000
1002
}
1002
{
1000
TPMLINK_jjjjjjjjj-_-ade
1070
   515
1071
       14
1004
0100271A00001C0500003305000000000000C19B785165DE5A40C19B785165DE5A408C1000007B100000
1002
}
1002
{
1000
TPMLINK_sfresf-_-ade
1070
   515
1071
       15
1004
0100B21A0000D6070000F407000000000000C19B785165DE5A40C19B785165DE5A40
1002
}
1002
{
1000
TPMLINK_jjjjnn-_-ade
1070
   515
1071
       16
1004
0100261A00001C0500003305000000000000C19B785165DE5A40C19B785165DE5A409410000093100000
1002
}
1002
{
1000
TPMLINK_ds-_-ade
1070
   515
1071
       17
1004
0100361A00001C0500003205000000000000C19B785165DE5A40C19B785165DE5A40901000007F100000
1002
}
1002
{
1000
TPMLINK_dssd-_-ade
1070
   515
1071
       18
1004
0100341A00001C0500003205000000000000C19B785165DE5A40C19B785165DE5A40901000007F100000
1002
}
1002
{
1000
TPMLINK_aaa-_-ade
1070
   515
1071
       19
1004
01007B1A0000B9070000D507000000000000C19B785165DE5A40C19B785165DE5A40
1002
}
1002
{
1000
TPMLINK_SF-_-ade
1070
   515
1071
       20
1004
0100341A00001C0500003205000000000000C19B785165DE5A40C19B785165DE5A409810000097100000
1002
}
1002
{
1000
TPMLINK_DSD-_-ade
1070
   515
1071
       21
1004
0100341A00001C0500003205000000000000C19B785165DE5A40C19B785165DE5A40331000004F0B0000
1002
}
1002
{
1000
TPMLINK_ASD-_-ade
1070
   515
1071
       22
1004
0100341A00001C0500003205000000000000C19B785165DE5A40C19B785165DE5A40331000004F0B0000
1002
}
1002
{
1000
TPMLINK_SS-_-ade
1070
   515
1071
       23
1004
0100341A00001C0500003205000000000000C19B785165DE5A40C19B785165DE5A400E0B00000F0B0000
1002
}
1002
{
1000
TPMLINK_DSAA-_-ade
1070
   515
1071
       24
1004
0100421B0000350500004C050000000000002EAB785165DE5A402EAB785165DE5A40C8100000B8100000
1002
}
1002
{
1000
TPMLINK_GDFGFD-_-ade
1070
   515
1071
       25
1004
0100AD1A00002A05000041050000000000002EAB785165DE5A402EAB785165DE5A409F1000008F100000
1002
}
1002
{
1000
TPMLINK_gdfsgfs-_-ade
1070
   515
1071
       26
1004
01007B1A00001D05000034050000000000002EAB785165DE5A402EAB785165DE5A408F1000007F100000
1002
}
1002
{
1000
TPMLINK_FGDGFS-_-ade
1070
   515
1071
       27
1004
01007B1A00001D05000034050000000000002EAB785165DE5A402EAB785165DE5A40180B0000190B0000
1002
}
1002
{
1000
TPMLINK_GFDF-_-ade
1070
   515
1071
       28
1004
0100551B00007008000091080000000000002EAB785165DE5A402EAB785165DE5A40
1002
}
1002
{
1000
TPMLINK_bbbbbbbbbbbbbbbb-_-ade
1070
   515
1071
       29
1004
01007C1A00001C05000033050000000000002EAB785165DE5A402EAB785165DE5A408B1000007B100000
1002
}
1002
{
1000
TPMLINK_NNNNNNN-_-ade
1070
   515
1071
       30
1004
01007B1A00001C05000033050000000000002EAB785165DE5A402EAB785165DE5A408B1000007B100000
1002
}
1002
{
1000
TPMLINK_oisjfi-_-ade
1070
   515
1071
       31
1004
01007A1A00001B05000032050000000000002EAB785165DE5A402EAB785165DE5A408A1000007A100000
1002
}
1002
{
1000
TPMLINK_RS-_-ade
1070
   515
1071
       32
1004
0100761A00001B05000032050000000000002EAB785165DE5A402EAB785165DE5A408910000079100000
1002
}
1002
{
1000
TPMLINK_JHHJ-_-ade
1070
   515
1071
       33
1004
0100731A00001B05000032050000000000002EAB785165DE5A402EAB785165DE5A408810000078100000
1002
}
1002
{
1000
TPMLINK_POINTS-_-ade
1070
   515
1071
       34
1004
0100521B00006F08000090080000000000002EAB785165DE5A402EAB785165DE5A40
1002
}
1002
{
1000
TPMLINK_FDDDFDF-_-ade
1070
   515
1071
       35
1004
01004B1A00001E05000035050000000000002EAB785165DE5A402EAB785165DE5A408B1000007B100000
1002
}
1002
{
1000
TPMLINK_fdfsfs-_-ade
1070
   515
1071
       36
1004
0100B31A00001F05000033050000000000002EAB785165DE5A402EAB785165DE5A408710000077100000
1002
}
1002
{
1000
TPMLINK_dsdadas-_-ade
1070
   515
1071
       37
1004
0100AF1A00001F05000033050000000000002EAB785165DE5A402EAB785165DE5A408610000076100000
1002
}
1002
{
1000
TPMLINK_ffsdfsdf-_-ade
1070
   515
1071
       38
1004
0100AF1A00001F05000033050000000000002EAB785165DE5A402EAB785165DE5A408610000076100000
1002
}
1002
{
1000
TPMLINK_ggfgf-_-ade
1070
   515
1071
       39
1004
0100A61A00001B0500002F050000000000002EAB785165DE5A402EAB785165DE5A401F0B0000200B0000
1002
}
1002
{
1000
TPMLINK_dsdsds-_-ade
1070
   515
1071
       40
1004
0100A61A00001B0500002F050000000000002EAB785165DE5A402EAB785165DE5A401F0B0000200B0000
1002
}
1002
{
1000
TPMLINK_fdffdf-_-ade
1070
   515
1071
       41
1004
0100EB1A0000FF0700001E080000000000002EAB785165DE5A402EAB785165DE5A40
1002
}
1002
{
1000
TPMLINK_FFDDF-_-ade
1070
   515
1071
       42
1004
0100A61A00001B0500002F050000000000002EAB785165DE5A402EAB785165DE5A401F0B0000200B0000
1002
}
1002
{
1000
TPMLINK_GGFGGF-_-ade
1070
   515
1071
       43
1004
0100B21A00001F05000033050000000000002EAB785165DE5A402EAB785165DE5A408610000076100000
1002
}
1002
{
1000
TPMLINK_PPP-_-ade
1070
   515
1071
       44
1004
0100B21A00001F05000033050000000000002EAB785165DE5A402EAB785165DE5A408610000076100000
1002
}
1002
{
1000
TPMLINK_GGG-_-ade
1070
   515
1071
       45
1004
0100EA1A00000108000020080000000000002EAB785165DE5A402EAB785165DE5A40
1002
}
1002
{
1000
TPMLINK_ggdgd-_-ade
1070
   515
1071
       46
1004
0100B62000000208000021080000000000002EAB785165DE5A402EAB785165DE5A40641400007A130000
1002
}
1002
{
1000
TPMLINK_GFGFGF-_-ade
1070
   515
1071
       47
1004
0100B21A00001F05000033050000000000002EAB785165DE5A402EAB785165DE5A402A1000001A100000
1002
}
1002
{
1000
TPMLINK_FFFFFD-_-ade
1070
   515
1071
       48
1004
0100B21A00001F05000033050000000000002EAB785165DE5A402EAB785165DE5A402A1000001A100000
1002
}
1002
{
1000
TPMLINK_HGHFHFG-_-ade
1070
   515
1071
       49
1004
0100B21A00001F05000033050000000000002EAB785165DE5A402EAB785165DE5A402A1000001A100000
1002
}
1002
{
1000
TPMLINK_GFGDF-_-ade
1070
   515
1071
       50
1004
0100B21A00001F05000033050000000000002EAB785165DE5A402EAB785165DE5A40230B0000240B0000
1002
}
1002
{
1000
TPMLINK_FDSS-_-ade
1070
   515
1071
       51
1004
0100EA1A00000108000020080000000000002EAB785165DE5A402EAB785165DE5A40
1002
}
1002
{
1000
TPMLINK_fdfssdf-_-ade
1070
   515
1071
       52
1004
0100831A00001F05000033050000000000002EAB785165DE5A402EAB785165DE5A40B20B0000C20B0000
1002
}
1002
{
1000
TPMLINK_GFF-_-ade
1070
   515
1071
       53
1004
01007C1A00001F05000033050000000000002EAB785165DE5A402EAB785165DE5A40AF0B0000BF0B0000
1002
}
1002
{
1000
TPMLINK_FSFSFSDF-_-ade
1070
   515
1071
       54
1004
01009C1B00000D0800002C080000000000002EAB785165DE5A402EAB785165DE5A40
1002
}
1002
{
1000
TPMLINK_iughfin-_-ade
1070
   515
1071
       55
1004
0100821A00001F05000033050000000000002EAB785165DE5A402EAB785165DE5A40B10B0000C10B0000
1002
}
1002
{
1000
TPMLINK_eff-_-ade
1070
   515
1071
       56
1004
0100821A00001F05000033050000000000002EAB785165DE5A402EAB785165DE5A40B10B0000C10B0000
1002
}
1002
{
1000
TPMLINK_ssss-_-ade
1070
   515
1071
       57
1004
0100821A00001F05000033050000000000002EAB785165DE5A402EAB785165DE5A40B10B0000C10B0000
1002
}
1002
{
1000
TPMLINK_zz-_-ade
1070
   515
1071
       58
1004
01007C1A00001F05000033050000000000002EAB785165DE5A402EAB785165DE5A40AF0B0000BF0B0000
1002
}
1002
{
1000
TPMLINK_hh-_-ade
1070
   515
1071
       59
1004
01007C1A00001F05000033050000000000002EAB785165DE5A402EAB785165DE5A40220B0000230B0000
1002
}
1002
{
1000
TPMLINK_aaaaaaa-_-ade
1070
   515
1071
       60
1004
0100981B00000D0800002C080000000000002EAB785165DE5A402EAB785165DE5A40
1002
}
  0
LINE
  5
1A0
330
2
100
AcDbEntity
  8
DILR SEET
100
AcDbLine
 10
110043.9960835546
 20
1597502.96902168
 30
0.0
 11
110052.4151673731
 21
1597502.243453397
 31
0.0
1001
IRD
1002
{
1000
TPMLINK_fg-_-ade
1070
   515
1071
        1
1004
010003210000690500005C05000000000000EA7A49C389785B40EA7A49C389785B409210000090100000
1002
}
1002
{
1000
TPMLINK_dd-_-ade
1070
   515
1071
        2
1004
010001210000690500005C05000000000000EA7A49C389785B40EA7A49C389785B409210000090100000
1002
}
1002
{
1000
TPMLINK_mani-_-ade
1070
   515
1071
        3
1004
010001210000690500005C05000000000000EA7A49C389785B40EA7A49C389785B409210000090100000
1002
}
1002
{
1000
TPMLINK_m-_-ade
1070
   515
1071
        4
1004
0100DD110000340800002108000000000000EA7A49C389785B40EA7A49C389785B40
1002
}
1002
{
1000
TPMLINK_manikiran-_-ade
1070
   515
1071
        5
1004
010001210000690500005C05000000000000EA7A49C389785B40EA7A49C389785B409210000090100000
1002
}
1002
{
1000
TPMLINK_1234-_-ade
1070
   515
1071
        6
1004
0100DE110000330800002008000000000000EA7A49C389785B40EA7A49C389785B40
1002
}
1002
{
1000
TPMLINK_rrrr-_-ade
1070
   515
1071
        7
1004
0100132100006F0500006305000000000000EA7A49C389785B40EA7A49C389785B408E1000008C100000
1002
}
1002
{
1000
TPMLINK_uuu-_-ade
1070
   515
1071
        8
1004
0100112100006F0500006305000000000000EA7A49C389785B40EA7A49C389785B408E1000008C100000
1002
}
1002
{
1000
TPMLINK_rw-_-ade
1070
   515
1071
        9
1004
0100E8110000430800003208000000000000EA7A49C389785B40EA7A49C389785B40
1002
}
1002
{
1000
TPMLINK_dg-_-ade
1070
   515
1071
       10
1004
01000A2100006C0500006005000000000000EA7A49C389785B40EA7A49C389785B404A0B0000490B0000
1002
}
1002
{
1000
TPMLINK_yi-_-ade
1070
   515
1071
       11
1004
0100092100006C0500006005000000000000EA7A49C389785B40EA7A49C389785B409210000093100000
1002
}
1002
{
1000
TPMLINK_mmmm-_-ade
1070
   515
1071
       12
1004
0100092100006C0500006005000000000000EA7A49C389785B40EA7A49C389785B409510000096100000
1002
}
1002
{
1000
TPMLINK_fgyhrt-_-ade
1070
   515
1071
       13
1004
0100092100006C0500006005000000000000EA7A49C389785B40EA7A49C389785B409510000096100000
1002
}
1002
{
1000
TPMLINK_jjjjjjjjj-_-ade
1070
   515
1071
       14
1004
0100092100006C0500006005000000000000EA7A49C389785B40EA7A49C389785B408B10000089100000
1002
}
1002
{
1000
TPMLINK_sfresf-_-ade
1070
   515
1071
       15
1004
0100ED110000420800003108000000000000EA7A49C389785B40EA7A49C389785B40
1002
}
1002
{
1000
TPMLINK_jjjjnn-_-ade
1070
   515
1071
       16
1004
0100082100006C0500006005000000000000EA7A49C389785B40EA7A49C389785B409510000096100000
1002
}
1002
{
1000
TPMLINK_ds-_-ade
1070
   515
1071
       17
1004
0100162100006E0500006005000000000000EA7A49C389785B40EA7A49C389785B408F1000008D100000
1002
}
1002
{
1000
TPMLINK_dssd-_-ade
1070
   515
1071
       18
1004
0100142100006E0500006005000000000000EA7A49C389785B40EA7A49C389785B408F1000008D100000
1002
}
1002
{
1000
TPMLINK_aaa-_-ade
1070
   515
1071
       19
1004
0100BE110000250800001208000000000000EA7A49C389785B40EA7A49C389785B40
1002
}
1002
{
1000
TPMLINK_SF-_-ade
1070
   515
1071
       20
1004
0100142100006E0500006005000000000000EA7A49C389785B40EA7A49C389785B40991000009A100000
1002
}
1002
{
1000
TPMLINK_DSD-_-ade
1070
   515
1071
       21
1004
0100142100006E0500006005000000000000EA7A49C389785B40EA7A49C389785B40510B0000500B0000
1002
}
1002
{
1000
TPMLINK_ASD-_-ade
1070
   515
1071
       22
1004
0100142100006E0500006005000000000000EA7A49C389785B40EA7A49C389785B40510B0000500B0000
1002
}
1002
{
1000
TPMLINK_SS-_-ade
1070
   515
1071
       23
1004
0100142100006E0500006005000000000000EA7A49C389785B40EA7A49C389785B400D0B00000C0B0000
1002
}
1002
{
1000
TPMLINK_DSAA-_-ade
1070
   515
1071
       24
1004
010004220000880500007A05000000000000DC6549C389785B40DC6549C389785B40C7100000C5100000
1002
}
1002
{
1000
TPMLINK_GDFGFD-_-ade
1070
   515
1071
       25
1004
01006B2100007C0500006E05000000000000DC6549C389785B40DC6549C389785B409E1000009C100000
1002
}
1002
{
1000
TPMLINK_gdfsgfs-_-ade
1070
   515
1071
       26
1004
0100362100006F0500006105000000000000DC6549C389785B40DC6549C389785B408E1000008C100000
1002
}
1002
{
1000
TPMLINK_FGDGFS-_-ade
1070
   515
1071
       27
1004
0100362100006F0500006105000000000000DC6549C389785B40DC6549C389785B40170B0000160B0000
1002
}
1002
{
1000
TPMLINK_GFDF-_-ade
1070
   515
1071
       28
1004
0100C5120000EC080000D308000000000000DC6549C389785B40DC6549C389785B40
1002
}
1002
{
1000
TPMLINK_bbbbbbbbbbbbbbbb-_-ade
1070
   515
1071
       29
1004
0100342100006E0500006005000000000000DC6549C389785B40DC6549C389785B408A10000088100000
1002
}
1002
{
1000
TPMLINK_NNNNNNN-_-ade
1070
   515
1071
       30
1004
0100332100006E0500006005000000000000DC6549C389785B40DC6549C389785B408A10000088100000
1002
}
1002
{
1000
TPMLINK_oisjfi-_-ade
1070
   515
1071
       31
1004
0100322100006D0500005F05000000000000DC6549C389785B40DC6549C389785B408910000087100000
1002
}
1002
{
1000
TPMLINK_RS-_-ade
1070
   515
1071
       32
1004
01002E2100006D0500005F05000000000000DC6549C389785B40DC6549C389785B408810000086100000
1002
}
1002
{
1000
TPMLINK_JHHJ-_-ade
1070
   515
1071
       33
1004
01002B2100006D0500005F05000000000000DC6549C389785B40DC6549C389785B408710000085100000
1002
}
1002
{
1000
TPMLINK_POINTS-_-ade
1070
   515
1071
       34
1004
0100C2120000EB080000D208000000000000DC6549C389785B40DC6549C389785B40
1002
}
1002
{
1000
TPMLINK_FDDDFDF-_-ade
1070
   515
1071
       35
1004
010003210000700500006205000000000000DC6549C389785B40DC6549C389785B408A10000088100000
1002
}
1002
{
1000
TPMLINK_fdfsfs-_-ade
1070
   515
1071
       36
1004
0100282100006B0500005D05000000000000DC6549C389785B40DC6549C389785B408610000084100000
1002
}
1002
{
1000
TPMLINK_dsdadas-_-ade
1070
   515
1071
       37
1004
0100242100006B0500005D05000000000000DC6549C389785B40DC6549C389785B408510000083100000
1002
}
1002
{
1000
TPMLINK_ffsdfsdf-_-ade
1070
   515
1071
       38
1004
0100242100006B0500005D05000000000000DC6549C389785B40DC6549C389785B408510000083100000
1002
}
1002
{
1000
TPMLINK_ggfgf-_-ade
1070
   515
1071
       39
1004
010019210000670500005905000000000000DC6549C389785B40DC6549C389785B401E0B00001D0B0000
1002
}
1002
{
1000
TPMLINK_dsdsds-_-ade
1070
   515
1071
       40
1004
010019210000670500005905000000000000DC6549C389785B40DC6549C389785B401E0B00001D0B0000
1002
}
1002
{
1000
TPMLINK_fdffdf-_-ade
1070
   515
1071
       41
1004
0100BE120000700800005A08000000000000DC6549C389785B40DC6549C389785B40
1002
}
1002
{
1000
TPMLINK_FFDDF-_-ade
1070
   515
1071
       42
1004
010019210000670500005905000000000000DC6549C389785B40DC6549C389785B401E0B00001D0B0000
1002
}
1002
{
1000
TPMLINK_GGFGGF-_-ade
1070
   515
1071
       43
1004
0100252100006B0500005D05000000000000DC6549C389785B40DC6549C389785B408510000083100000
1002
}
1002
{
1000
TPMLINK_PPP-_-ade
1070
   515
1071
       44
1004
0100252100006B0500005D05000000000000DC6549C389785B40DC6549C389785B408510000083100000
1002
}
1002
{
1000
TPMLINK_GGG-_-ade
1070
   515
1071
       45
1004
0100C0120000720800005C08000000000000DC6549C389785B40DC6549C389785B40
1002
}
1002
{
1000
TPMLINK_ggdgd-_-ade
1070
   515
1071
       46
1004
01008C180000730800005D08000000000000DC6549C389785B40DC6549C389785B4037140000E3140000
1002
}
1002
{
1000
TPMLINK_GFGFGF-_-ade
1070
   515
1071
       47
1004
0100252100006B0500005D05000000000000DC6549C389785B40DC6549C389785B402910000027100000
1002
}
1002
{
1000
TPMLINK_FFFFFD-_-ade
1070
   515
1071
       48
1004
0100252100006B0500005D05000000000000DC6549C389785B40DC6549C389785B402910000027100000
1002
}
1002
{
1000
TPMLINK_HGHFHFG-_-ade
1070
   515
1071
       49
1004
0100252100006B0500005D05000000000000DC6549C389785B40DC6549C389785B402910000027100000
1002
}
1002
{
1000
TPMLINK_GFGDF-_-ade
1070
   515
1071
       50
1004
0100252100006B0500005D05000000000000DC6549C389785B40DC6549C389785B40220B0000210B0000
1002
}
1002
{
1000
TPMLINK_FDSS-_-ade
1070
   515
1071
       51
1004
0100C0120000720800005C08000000000000DC6549C389785B40DC6549C389785B40
1002
}
1002
{
1000
TPMLINK_fdfssdf-_-ade
1070
   515
1071
       52
1004
0100F72000006B0500005D05000000000000DC6549C389785B40DC6549C389785B40B30B0000B50B0000
1002
}
1002
{
1000
TPMLINK_GFF-_-ade
1070
   515
1071
       53
1004
0100F02000006B0500005D05000000000000DC6549C389785B40DC6549C389785B40B00B0000B20B0000
1002
}
1002
{
1000
TPMLINK_FSFSFSDF-_-ade
1070
   515
1071
       54
1004
0100711300007E0800006808000000000000DC6549C389785B40DC6549C389785B40
1002
}
1002
{
1000
TPMLINK_iughfin-_-ade
1070
   515
1071
       55
1004
0100F62000006B0500005D05000000000000DC6549C389785B40DC6549C389785B40B20B0000B40B0000
1002
}
1002
{
1000
TPMLINK_eff-_-ade
1070
   515
1071
       56
1004
0100F62000006B0500005D05000000000000DC6549C389785B40DC6549C389785B40B20B0000B40B0000
1002
}
1002
{
1000
TPMLINK_ssss-_-ade
1070
   515
1071
       57
1004
0100F62000006B0500005D05000000000000DC6549C389785B40DC6549C389785B40B20B0000B40B0000
1002
}
1002
{
1000
TPMLINK_zz-_-ade
1070
   515
1071
       58
1004
0100F02000006B0500005D05000000000000DC6549C389785B40DC6549C389785B40B00B0000B20B0000
1002
}
1002
{
1000
TPMLINK_hh-_-ade
1070
   515
1071
       59
1004
0100F02000006B0500005D05000000000000DC6549C389785B40DC6549C389785B40210B0000200B0000
1002
}
1002
{
1000
TPMLINK_aaaaaaa-_-ade
1070
   515
1071
       60
1004
01006D1300007E0800006808000000000000DC6549C389785B40DC6549C389785B40
1002
}
  0
MTEXT
  5
1A1
102
{ACAD_XDICTIONARY
360
1A2
102
}
330
2
100
AcDbEntity
  8
0
100
AcDbMText
 10
110037.6614846627
 20
1597500.221671271
 30
0.0
 40
2.0
 41
13.18124889076207
 46
0.0
 71
     1
 72
     1
  1
\pxqc;ADJ.SR.\PNO.24
 73
     1
 44
1.0
  0
MTEXT
  5
1A3
102
{ACAD_XDICTIONARY
360
1A4
102
}
330
2
100
AcDbEntity
  8
0
100
AcDbMText
 10
110052.7116336117
 20
1597501.240907031
 30
0.0
 40
2.0
 41
2.750212067827668
 46
0.0
 71
     1
 72
     1
  1
\pxqc;1
 73
     1
 44
1.0
  0
MTEXT
  5
1A5
102
{ACAD_XDICTIONARY
360
1A6
102
}
330
2
100
AcDbEntity
  8
0
100
AcDbMText
 10
110050.1861954449
 20
1597545.794019918
 30
0.0
 40
2.0
 41
2.750212067827668
 46
0.0
 71
     1
 72
     1
  1
\pxqc;2
 73
     1
 44
1.0
  0
MTEXT
  5
1A7
102
{ACAD_XDICTIONARY
360
1A8
102
}
330
2
100
AcDbEntity
  8
0
100
AcDbMText
 10
110050.2078898946
 20
1597583.19603094
 30
0.0
 40
2.0
 41
2.201514492250134
 46
2.593479784417105
 71
     1
 72
     1
  1
\pxqc;3
 73
     1
 44
1.0
  0
MTEXT
  5
1A9
102
{ACAD_XDICTIONARY
360
1AA
102
}
330
2
100
AcDbEntity
  8
0
100
AcDbMText
 10
110051.3037645744
 20
1597634.861913042
 30
0.0
 40
2.0
 41
2.750212067827668
 46
0.0
 71
     1
 72
     1
  1
\pxqc;4
 73
     1
 44
1.0
  0
MTEXT
  5
1AB
102
{ACAD_XDICTIONARY
360
1AC
102
}
330
2
100
AcDbEntity
  8
0
100
AcDbMText
 10
110110.7346435255
 20
1597642.358908029
 30
0.0
 40
2.0
 41
2.750212067827668
 46
0.0
 71
     1
 72
     1
  1
\pxqc;5
 73
     1
 44
1.0
  0
MTEXT
  5
1AD
102
{ACAD_XDICTIONARY
360
1AE
102
}
330
2
100
AcDbEntity
  8
0
100
AcDbMText
 10
110148.5191719371
 20
1597648.816126166
 30
0.0
 40
2.0
 41
2.750212067827668
 46
0.0
 71
     1
 72
     1
  1
\pxqc;6
 73
     1
 44
1.0
  0
MTEXT
  5
1AF
102
{ACAD_XDICTIONARY
360
1B0
102
}
330
2
100
AcDbEntity
  8
0
100
AcDbMText
 10
110152.3309605359
 20
1597576.382036713
 30
0.0
 40
2.0
 41
2.750212067827668
 46
0.0
 71
     1
 72
     1
  1
\pxqc;7
 73
     1
 44
1.0
  0
MTEXT
  5
1B1
102
{ACAD_XDICTIONARY
360
1B2
102
}
330
2
100
AcDbEntity
  8
0
100
AcDbMText
 10
110155.3022508326
 20
1597501.985487543
 30
0.0
 40
2.0
 41
2.750212067827668
 46
0.0
 71
     1
 72
     1
  1
\pxqc;8
 73
     1
 44
1.0
  0
ARC
  5
1B3
330
2
100
AcDbEntity
  8
WALL
100
AcDbCircle
 10
110092.373319129
 20
1597631.492626976
 30
0.0
 40
6.0
100
AcDbArc
 50
96.75158192730507
 51
96.75209905104094
  0
LINE
  5
1B4
330
2
100
AcDbEntity
  8
WALL
100
AcDbLine
 10
110149.4883242783
 20
1597646.585946491
 30
0.0
 11
110162.2386998113
 21
1597648.885847572
 31
0.0
  0
LINE
  5
1B5
330
2
100
AcDbEntity
  8
WALL
100
AcDbLine
 10
110063.7981566557
 20
1597634.151377841
 30
0.0
 11
110049.4413273684
 21
1597632.451601779
 31
0.0
  0
LINE
  5
1B6
330
2
100
AcDbEntity
  8
WALL
100
AcDbLine
 10
110062.3872713103
 20
1597646.068147644
 30
0.0
 11
110048.030442023
 21
1597644.368371582
 31
0.0
  0
LINE
  5
1B7
330
2
100
AcDbEntity
  8
WALL
  6
Continuous
100
AcDbLine
 10
110160.0163631811
 20
1597660.62137918
 30
0.0
 11
110160.6580772724
 21
1597657.063793306
 31
0.0
  0
LINE
  5
1B8
330
2
100
AcDbEntity
  8
WALL
  6
Continuous
100
AcDbLine
 10
110161.3002056429
 20
1597653.503910077
 30
0.0
 11
110162.1840091141
 21
1597648.875982514
 31
0.0
  0
LINE
  5
1B9
330
2
100
AcDbEntity
  8
WALL
100
AcDbLine
 10
110160.6580772725
 20
1597657.063793306
 30
0.0
 11
110163.0467140331
 21
1597657.625453689
 31
0.0
  0
LINE
  5
1BA
330
2
100
AcDbEntity
  8
WALL
100
AcDbLine
 10
110158.9115688823
 20
1597652.942249694
 30
0.0
 11
110161.3002056429
 21
1597653.503910076
 31
0.0
  0
LINE
  5
1BB
330
2
100
AcDbEntity
  8
WALL
100
AcDbLine
 10
110163.0467140331
 20
1597657.625453689
 30
0.0
 11
110158.9115688823
 21
1597652.942249694
 31
0.0
  0
LINE
  5
1BC
330
2
100
AcDbEntity
  8
WALL
  6
Continuous
100
AcDbLine
 10
110047.2592048136
 20
1597644.277255098
 30
0.0
 11
110047.9153955267
 21
1597640.639412572
 31
0.0
  0
LINE
  5
1BD
330
2
100
AcDbEntity
  8
WALL
  6
Continuous
100
AcDbLine
 10
110048.5575238972
 20
1597637.079529342
 30
0.0
 11
110049.4413273684
 21
1597632.451601779
 31
0.0
  0
LINE
  5
1BE
330
2
100
AcDbEntity
  8
WALL
100
AcDbLine
 10
110047.9153955268
 20
1597640.639412572
 30
0.0
 11
110050.3040322874
 21
1597641.201072954
 31
0.0
  0
LINE
  5
1BF
330
2
100
AcDbEntity
  8
WALL
100
AcDbLine
 10
110046.1688871366
 20
1597636.517868959
 30
0.0
 11
110048.5575238972
 21
1597637.079529341
 31
0.0
  0
LINE
  5
1C0
330
2
100
AcDbEntity
  8
WALL
100
AcDbLine
 10
110050.3040322874
 20
1597641.201072954
 30
0.0
 11
110046.1688871366
 21
1597636.517868959
 31
0.0
  0
LEADER
  5
1C1
330
2
100
AcDbEntity
  8
text
100
AcDbLeader
  3
Standard
 76
     2
 10
110054.3560853079
 20
1597640.030256134
 30
0.0
 10
110062.4525864444
 20
1597640.993365826
 30
0.0
211
0.8762937596786786
221
0.4817771754122505
231
0.0
1001
ACAD
1000
DSTYLE
1002
{
1070
    41
1040
2.0
1070
    49
1040
0.1
1070
    50
1040
1.570796326794897
1070
    90
1070
     1
1070
   290
1070
     1
1070
   341
1005
0
1070
   345
1005
27
1070
   346
1005
27
1070
   347
1005
27
1002
}
  0
MTEXT
  5
1C3
330
2
100
AcDbEntity
  8
WALL
100
AcDbMText
 10
110063.206276664
 20
1597642.518593324
 30
0.0
 40
0.9999999999999999
 41
6.565675101753004
 46
0.0
 71
     3
 72
     5
  1
TO PISAD
 11
0.9937403614801976
 21
0.1117143409111226
 31
0.0
 73
     1
 44
1.0
101
Embedded Object
 70
     1
 10
0.9937403614801976
 20
0.1117143409111226
 30
0.0
 11
110063.206276664
 21
1597642.518593324
 31
0.0
 40
6.565675101753004
 41
0.0
 42
6.413369713506138
 43
-1.0
 71
     2
 72
     1
 44
6.565675101753004
 45
0.9999999999999999
 73
     0
 74
     0
 46
-1.034788540245566
  0
LEADER
  5
1C4
330
2
100
AcDbEntity
  8
text
100
AcDbLeader
  3
Standard
 76
     2
 10
110157.5410549728
 20
1597654.694138885
 30
0.0
 10
110149.5781475593
 20
1597652.941136758
 30
0.0
211
-0.8247854149635923
221
-0.5654458588258783
231
0.0
1001
ACAD
1000
DSTYLE
1002
{
1070
    41
1040
2.0
1070
    49
1040
0.1
1070
    50
1040
1.570796326794897
1070
    90
1070
     1
1070
   290
1070
     1
1070
   341
1005
0
1070
   345
1005
27
1070
   346
1005
27
1070
   347
1005
27
1002
}
  0
MTEXT
  5
1C5
330
2
100
AcDbEntity
  8
WALL
100
AcDbMText
 10
110153.6061484542
 20
1597655.146189423
 30
0.0
 40
1.0
 41
6.565675101753005
 46
0.0
 71
     3
 72
     5
  1
TO ORA
 11
0.9681779178048212
 21
0.2502629007166685
 31
0.0
 73
     1
 44
1.0
101
Embedded Object
 70
     1
 10
0.9681779178048212
 20
0.2502629007166685
 30
0.0
 11
110153.6061484542
 21
1597655.146189423
 31
0.0
 40
6.565675101753005
 41
0.0
 42
5.324693042291951
 43
-1.0
 71
     2
 72
     1
 44
6.565675101753005
 45
1.0
 73
     0
 74
     0
 46
-1.034788540245566
  0
MTEXT
  5
1C6
102
{ACAD_XDICTIONARY
360
1C7
102
}
330
2
100
AcDbEntity
  8
0
100
AcDbMText
 10
110092.7679894437
 20
1597644.924130976
 30
0.0
 40
1.0
 41
14.79798744578365
 46
0.0
 71
     1
 72
     1
  1
\pxqc;12.00 MT.WIDE ROAD
 11
0.9898738393260132
 21
0.1419499285592571
 31
0.0
 73
     1
 44
1.0
  0
LINE
  5
1C8
330
2
100
AcDbEntity
  8
WALL
100
AcDbLine
 10
110101.8227011564
 20
1597638.653291824
 30
0.0
 11
110107.2639120023
 21
1597639.297503701
 31
0.0
  0
LWPOLYLINE
  5
1C9
330
2
100
AcDbEntity
  8
WALL
100
AcDbPolyline
 90
        5
 70
     1
 43
0.0
 10
110149.620024159
 20
1597643.56128813
 10
110115.3082330681
 20
1597637.372158627
 42
0.3628587741652667
 10
110110.373319129
 20
1597631.467449346
 10
110110.373319129
 20
1597604.905767624
 10
110151.3031654702
 20
1597604.905767624
  0
LWPOLYLINE
  5
1CA
330
2
100
AcDbEntity
  8
WALL
100
AcDbPolyline
 90
        6
 70
     1
 43
0.0
 10
110098.373319129
 20
1597628.471674101
 42
0.4491666213510942
 10
110091.6678764562
 20
1597634.430059002
 10
110053.2499498074
 20
1597629.881570561
 10
110053.0790427425
 20
1597603.307160255
 10
110093.0787618018
 20
1597608.042924928
 42
0.3801035509148479
 10
110098.373319129
 20
1597614.001309829
  0
LWPOLYLINE
  5
1CB
330
2
100
AcDbEntity
  8
DRAINAGE
 62
     5
100
AcDbPolyline
 90
        4
 70
     1
 43
0.0
 10
110017.7904625218
 20
1597695.198133801
 10
110185.0451561156
 20
1597695.198133801
 10
110185.0451561156
 20
1597483.009431693
 10
110017.7904625218
 20
1597483.009431693
  0
MTEXT
  5
1CC
102
{ACAD_XDICTIONARY
360
1CD
102
}
330
2
100
AcDbEntity
  8
0
100
AcDbMText
 10
110067.4236738394
 20
1597633.393283378
 30
0.0
 40
1.0
 41
14.79798744578365
 46
0.0
 71
     1
 72
     1
  1
\pxqc;SETBACK
 11
0.9898738393260132
 21
0.1419499285592571
 31
0.0
 73
     1
 44
1.0
  0
MTEXT
  5
1CE
102
{ACAD_XDICTIONARY
360
1CF
102
}
330
2
100
AcDbEntity
  8
0
100
AcDbMText
 10
110122.9977819364
 20
1597641.143535534
 30
0.0
 40
1.0
 41
14.79798744578365
 46
0.0
 71
     1
 72
     1
  1
\pxqc;SETBACK
 11
0.9898738393260132
 21
0.1419499285592571
 31
0.0
 73
     1
 44
1.0
  0
ENDSEC
  0
SECTION
  2
OBJECTS
  0
DICTIONARY
  5
A
330
0
100
AcDbDictionary
281
     1
  3
ACAD_COLOR
350
52
  3
ACAD_DETAILVIEWSTYLE
350
1D3
  3
ACAD_FIELDLIST
350
1D1
  3
ACAD_GROUP
350
49
  3
ACAD_LAYOUT
350
17
  3
ACAD_MATERIAL
350
C
  3
ACAD_MLEADERSTYLE
350
55
  3
ACAD_MLINESTYLE
350
4A
  3
ACAD_PLOTSETTINGS
350
4B
  3
ACAD_PLOTSTYLENAME
350
9
  3
ACAD_SCALELIST
350
53
  3
ACAD_SECTIONVIEWSTYLE
350
1D4
  3
ACAD_TABLESTYLE
350
54
  3
ACAD_VISUALSTYLE
350
2D
  3
ACDB_RECOMPOSE_DATA
350
1EF
  3
ACDBVARIABLEDICTIONARY
350
56
  0
DICTIONARY
  5
2F
330
2A
100
AcDbDictionary
280
     1
281
     1
  0
DICTIONARY
  5
1F
330
1E
100
AcDbDictionary
280
     1
281
     1
  3
ACAD_LAYERSTATES
360
20
  0
DICTIONARY
  5
3
330
2
100
AcDbDictionary
280
     1
281
     1
  3
ACAD_SORTENTS
360
1D0
  0
DICTIONARY
  5
17D
330
17C
100
AcDbDictionary
280
     1
281
     1
  0
DICTIONARY
  5
17F
330
17E
100
AcDbDictionary
280
     1
281
     1
  0
DICTIONARY
  5
181
330
180
100
AcDbDictionary
280
     1
281
     1
  0
DICTIONARY
  5
183
330
182
100
AcDbDictionary
280
     1
281
     1
  0
DICTIONARY
  5
185
330
184
100
AcDbDictionary
280
     1
281
     1
  0
DICTIONARY
  5
187
330
186
100
AcDbDictionary
280
     1
281
     1
  0
DICTIONARY
  5
189
330
188
100
AcDbDictionary
280
     1
281
     1
  0
DICTIONARY
  5
18B
330
18A
100
AcDbDictionary
280
     1
281
     1
  0
DICTIONARY
  5
18D
330
18C
100
AcDbDictionary
280
     1
281
     1
  0
DICTIONARY
  5
18F
330
18E
100
AcDbDictionary
280
     1
281
     1
  0
DICTIONARY
  5
191
330
190
100
AcDbDictionary
280
     1
281
     1
  0
DICTIONARY
  5
193
330
192
100
AcDbDictionary
280
     1
281
     1
  0
DICTIONARY
  5
195
330
194
100
AcDbDictionary
280
     1
281
     1
  0
DICTIONARY
  5
197
330
196
100
AcDbDictionary
280
     1
281
     1
  0
DICTIONARY
  5
1A2
330
1A1
100
AcDbDictionary
280
     1
281
     1
  0
DICTIONARY
  5
1A4
330
1A3
100
AcDbDictionary
280
     1
281
     1
  0
DICTIONARY
  5
1A6
330
1A5
100
AcDbDictionary
280
     1
281
     1
  0
DICTIONARY
  5
1A8
330
1A7
100
AcDbDictionary
280
     1
281
     1
  0
DICTIONARY
  5
1AA
330
1A9
100
AcDbDictionary
280
     1
281
     1
  0
DICTIONARY
  5
1AC
330
1AB
100
AcDbDictionary
280
     1
281
     1
  0
DICTIONARY
  5
1AE
330
1AD
100
AcDbDictionary
280
     1
281
     1
  0
DICTIONARY
  5
1B0
330
1AF
100
AcDbDictionary
280
     1
281
     1
  0
DICTIONARY
  5
1B2
330
1B1
100
AcDbDictionary
280
     1
281
     1
  0
DICTIONARY
  5
1C7
330
1C6
100
AcDbDictionary
280
     1
281
     1
  0
DICTIONARY
  5
1CD
330
1CC
100
AcDbDictionary
280
     1
281
     1
  0
DICTIONARY
  5
1CF
330
1CE
100
AcDbDictionary
280
     1
281
     1
  0
DICTIONARY
  5
52
102
{ACAD_REACTORS
330
A
102
}
330
A
100
AcDbDictionary
281
     1
  0
DICTIONARY
  5
1D3
102
{ACAD_REACTORS
330
A
102
}
330
A
100
AcDbDictionary
281
     1
  3
Imperial24
350
1EB
  0
FIELDLIST
  5
1D1
102
{ACAD_REACTORS
330
A
102
}
330
A
100
AcDbIdSet
 90
        0
100
AcDbFieldList
  0
DICTIONARY
  5
49
102
{ACAD_REACTORS
330
A
102
}
330
A
100
AcDbDictionary
281
     1
  0
DICTIONARY
  5
17
102
{ACAD_REACTORS
330
A
102
}
330
A
100
AcDbDictionary
281
     1
  3
Layout1
350
1D
  3
Model
350
16
  0
DICTIONARY
  5
C
102
{ACAD_REACTORS
330
A
102
}
330
A
100
AcDbDictionary
281
     1
  3
ByBlock
350
4F
  3
ByLayer
350
4C
  3
Global
350
B
  0
DICTIONARY
  5
55
102
{ACAD_REACTORS
330
A
102
}
330
A
100
AcDbDictionary
281
     1
  3
Standard
350
1EA
  0
DICTIONARY
  5
4A
102
{ACAD_REACTORS
330
A
102
}
330
A
100
AcDbDictionary
281
     1
  3
Standard
350
74
  0
DICTIONARY
  5
4B
102
{ACAD_REACTORS
330
A
102
}
330
A
100
AcDbDictionary
281
     1
  0
ACDBDICTIONARYWDFLT
  5
9
102
{ACAD_REACTORS
330
A
102
}
330
A
100
AcDbDictionary
281
     1
  3
Normal
350
8
100
AcDbDictionaryWithDefault
340
8
  0
DICTIONARY
  5
53
102
{ACAD_REACTORS
330
A
102
}
330
A
100
AcDbDictionary
281
     1
  3
A0
350
79
  3
A1
350
7A
  3
A2
350
7B
  3
A3
350
7C
  3
A4
350
7D
  3
A5
350
7E
  3
A6
350
7F
  3
A7
350
80
  3
A8
350
81
  3
A9
350
82
  3
B0
350
83
  3
B1
350
84
  3
B2
350
85
  3
B3
350
86
  3
B4
350
87
  3
B5
350
88
  3
B6
350
89
  3
B7
350
8A
  3
B8
350
8B
  3
B9
350
8C
  3
C0
350
8D
  3
C1
350
8E
  3
C2
350
8F
  3
C3
350
90
  3
C4
350
91
  3
C5
350
92
  3
C6
350
93
  3
C7
350
94
  3
C8
350
95
  3
C9
350
96
  3
D0
350
97
  3
D1
350
98
  3
D2
350
99
  0
DICTIONARY
  5
1D4
102
{ACAD_REACTORS
330
A
102
}
330
A
100
AcDbDictionary
281
     1
  3
Imperial24
350
1EC
  0
DICTIONARY
  5
54
102
{ACAD_REACTORS
330
A
102
}
330
A
100
AcDbDictionary
281
     1
  3
Standard
350
75
  0
DICTIONARY
  5
2D
102
{ACAD_REACTORS
330
A
102
}
330
A
100
AcDbDictionary
281
     1
  3
2dWireframe
350
2C
  3
Basic
350
1DA
  3
Brighten
350
1DD
  3
ColorChange
350
1E1
  3
Conceptual
350
1DB
  3
Dim
350
1DC
  3
EdgeColorOff
350
1E4
  3
Facepattern
350
1E0
  3
Flat
350
1D5
  3
FlatWithEdges
350
1D6
  3
Gouraud
350
1D7
  3
GouraudWithEdges
350
1D8
  3
Hidden
350
1D9
  3
JitterOff
350
1E2
  3
Linepattern
350
1DF
  3
OverhangOff
350
1E3
  3
Realistic
350
77
  3
Shaded
350
1E9
  3
Shaded with edges
350
1E8
  3
Shades of Gray
350
1E5
  3
Sketchy
350
1E6
  3
Thicken
350
1DE
  3
Wireframe
350
78
  3
X-Ray
350
1E7
  0
XRECORD
  5
1EF
102
{ACAD_REACTORS
330
A
102
}
330
A
100
AcDbXrecord
280
     1
 90
        1
330
75
  0
DICTIONARY
  5
56
102
{ACAD_REACTORS
330
A
102
}
330
A
100
AcDbDictionary
281
     2
  3
#REVCLOUDAPPROXARCLEN
350
57
  3
ANNOALLVISIBLE
350
58
  3
CANNOSCALE
350
59
  3
CMLEADERSTYLE
350
1F0
  3
CTABLESTYLE
350
5B
  3
CVIEWDETAILSTYLE
350
1F1
  3
CVIEWSECTIONSTYLE
350
1F2
  3
DIMADEC
350
5E
  3
DIMASSOC
350
5F
  3
EXPORTPAPERSPACE
350
60
  3
FIELDEVAL
350
61
  3
HIDETEXT
350
62
  3
HPCOLOR
350
63
  3
HPINHERIT
350
64
  3
HPORIGIN
350
65
  3
HPTRANSPARENCY
350
66
  3
INDEXCTL
350
67
  3
LAYEREVAL
350
68
  3
LAYERNOTIFY
350
69
  3
LIGHTINGUNITS
350
6A
  3
MLEADERSCALE
350
6B
  3
MSLTSCALE
350
6C
  3
OLEFRAME
350
6D
  3
PDFFRAME
350
6E
  3
SOLIDHIST
350
6F
  3
SORTENTS
350
70
  0
DICTIONARY
  5
20
102
{ACAD_REACTORS
330
1F
102
}
330
1F
100
AcDbDictionary
281
     1
1001
AcLayerTools
1000
16
1000
0
  0
SORTENTSTABLE
  5
1D0
102
{ACAD_REACTORS
330
3
102
}
330
3
100
AcDbSortentsTable
330
2
  0
ACDBDETAILVIEWSTYLE
  5
1EB
102
{ACAD_REACTORS
330
1D3
102
}
330
1D3
100
AcDbModelDocViewStyle
 70
     0
  3
Imperial24
290
     0
300
Imperial24
 90
        0
100
AcDbDetailViewStyle
 70
     0
 71
     0
 90
        3
 71
     1
340
23
 62
   256
 40
0.24
340
0
 62
   256
 40
0.24
300

 40
0.36
280
     3
 71
     2
340
14
 90
       25
 62
   256
 71
     3
340
23
 62
   256
 40
0.24
 90
        1
 40
0.75
 90
        1
300
%<\AcVar ViewType \f "%tc1">% %<\AcVar ViewDetailId>%\PSCALE %<\AcVar ViewScale \f "%sn">%
 71
     4
340
14
 90
       25
 62
   256
340
14
 90
       25
 62
   256
280
     0
  0
LAYOUT
  5
1D
102
{ACAD_REACTORS
330
17
102
}
330
17
100
AcDbPlotSettings
  1

  2
None
  4
Letter_(8.50_x_11.00_Inches)
  6

 40
6.349999904632568
 41
6.349999904632568
 42
6.350006103515625
 43
6.350006103515625
 44
215.8999938964844
 45
279.3999938964844
 46
0.0
 47
0.0
 48
0.0
 49
0.0
140
0.0
141
0.0
142
1.0
143
1.0
 70
   688
 72
     0
 73
     1
 74
     5
  7
acad.ctb
 75
    16
 76
     0
 77
     2
 78
   300
147
1.0
148
0.0
149
0.0
100
AcDbLayout
  1
Layout1
 70
     1
 71
     1
 10
-0.2500002402958907
 20
-0.2499999962453767
 11
10.74999951940822
 21
8.249999763458733
 12
0.0
 22
0.0
 32
0.0
 14
1.049636599258097
 24
0.7996597240971077
 34
-0.0000000349181948
 15
9.450362731076972
 25
7.200340082697455
 35
0.0000000814935746
146
0.0
 13
0.0
 23
0.0
 33
0.0
 16
1.0
 26
0.0
 36
0.0
 17
0.0
 27
1.0
 37
0.0
 76
     0
330
1A
1001
ACAD_PSEXT
1000
None
1000
None
1000
Not applicable
1000
The layout will not be plotted unless a new plotter configuration name is selected.
1070
     0
  0
LAYOUT
  5
16
102
{ACAD_REACTORS
330
17
102
}
102
{ACAD_XDICTIONARY
360
18
102
}
330
17
100
AcDbPlotSettings
  1

  2
DWG To PDF.pc3
  4
ISO_A2_(594.00_x_420.00_MM)
  6

 40
5.793749809265137
 41
17.79375076293945
 42
5.79376220703125
 43
17.79376220703125
 44
594.0
 45
420.0
 46
-123.5965213599175
 47
-92.66565563097961
 48
1350.803105866359
 49
-23.71237454082009
140
1412.003105866359
141
18.31762545917991
142
1.0
143
1.873758
 70
 11940
 72
     0
 73
     0
 74
     4
  7
acad.ctb
 75
     0
 76
     0
 77
     2
 78
   300
147
0.5336868475011181
148
-34310.39888900552
149
602.2943133368303
100
AcDbLayout
  1
Model
 70
     1
 71
     0
 10
0.0
 20
0.0
 11
12.0
 21
9.0
 12
0.0
 22
0.0
 32
0.0
 14
0.0
 24
0.0
 34
0.0
 15
0.0
 25
0.0
 35
0.0
146
0.0
 13
0.0
 23
0.0
 33
0.0
 16
1.0
 26
0.0
 36
0.0
 17
0.0
 27
1.0
 37
0.0
 76
     0
330
2
331
2B
1001
ACAD_PSEXT
1000
DWG To PDF.pc3
1000
DWG To PDF
1000
File
1000

1070
     0
  0
MATERIAL
  5
4F
102
{ACAD_REACTORS
330
C
102
}
102
{ACAD_XDICTIONARY
360
50
102
}
330
C
100
AcDbMaterial
  1
ByBlock
 72
     1
 73
     2
 78
     2
172
     2
176
     2
270
     2
274
     2
 94
       63
  0
MATERIAL
  5
4C
102
{ACAD_REACTORS
330
C
102
}
102
{ACAD_XDICTIONARY
360
4D
102
}
330
C
100
AcDbMaterial
  1
ByLayer
 72
     1
 73
     2
 78
     2
172
     2
176
     2
270
     2
274
     2
 94
       63
  0
MATERIAL
  5
B
102
{ACAD_REACTORS
330
C
102
}
102
{ACAD_XDICTIONARY
360
D
102
}
330
C
100
AcDbMaterial
  1
Global
 72
     1
 73
     2
 43
0.0208000000566244
 43
0.0
 43
0.0
 43
0.0
 43
0.0
 43
0.0208000000566244
 43
0.0
 43
0.0
 43
0.0
 43
0.0
 43
1.0
 43
0.0
 43
0.0
 43
0.0
 43
0.0
 43
1.0
 78
     2
172
     2
 49
0.0208000000566244
 49
0.0
 49
0.0
 49
0.0
 49
0.0
 49
0.0208000000566244
 49
0.0
 49
0.0
 49
0.0
 49
0.0
 49
1.0
 49
0.0
 49
0.0
 49
0.0
 49
0.0
 49
1.0
176
     2
142
0.0208000000566244
142
0.0
142
0.0
142
0.0
142
0.0
142
0.0208000000566244
142
0.0
142
0.0
142
0.0
142
0.0
142
1.0
142
0.0
142
0.0
142
0.0
142
0.0
142
1.0
270
     2
144
0.0208000000566244
144
0.0
144
0.0
144
0.0
144
0.0
144
0.0208000000566244
144
0.0
144
0.0
144
0.0
144
0.0
144
1.0
144
0.0
144
0.0
144
0.0
144
0.0
144
1.0
274
     2
 94
       63
1001
ACAD
1070
    -1
1070
     3
1070
     0
1000

1071
        0
1070
     0
  0
MLEADERSTYLE
  5
1EA
102
{ACAD_REACTORS
330
55
102
}
330
55
100
AcDbMLeaderStyle
179
     2
170
     2
171
     1
172
     0
 90
        2
 40
0.0
 41
0.0
173
     1
 91
-1056964608
340
26
 92
       -2
290
     1
 42
0.09
291
     1
 43
0.36
  3
Standard
341
0
 44
0.18
300

342
23
174
     1
178
     6
175
     1
176
     0
 93
-1056964608
 45
0.18
292
     0
297
     0
 46
0.18
343
0
 94
-1056964608
 47
1.0
 49
1.0
140
1.0
293
     1
141
0.0
294
     1
177
     0
142
1.0
295
     0
296
     0
143
0.125
271
     0
272
     9
273
     9
298
     0
  0
MLINESTYLE
  5
74
102
{ACAD_REACTORS
330
4A
102
}
330
4A
100
AcDbMlineStyle
  2
STANDARD
 70
     0
  3

 62
   256
 51
90.0
 52
90.0
 71
     2
 49
0.5
 62
   256
  6
BYLAYER
 49
-0.5
 62
   256
  6
BYLAYER
  0
ACDBPLACEHOLDER
  5
8
102
{ACAD_REACTORS
330
9
102
}
330
9
  0
SCALE
  5
79
102
{ACAD_REACTORS
330
53
102
}
330
53
100
AcDbScale
 70
     0
300
1:1
140
1.0
141
1.0
290
     1
  0
SCALE
  5
7A
102
{ACAD_REACTORS
330
53
102
}
330
53
100
AcDbScale
 70
     0
300
1:2
140
1.0
141
2.0
290
     0
  0
SCALE
  5
7B
102
{ACAD_REACTORS
330
53
102
}
330
53
100
AcDbScale
 70
     0
300
1:4
140
1.0
141
4.0
290
     0
  0
SCALE
  5
7C
102
{ACAD_REACTORS
330
53
102
}
330
53
100
AcDbScale
 70
     0
300
1:5
140
1.0
141
5.0
290
     0
  0
SCALE
  5
7D
102
{ACAD_REACTORS
330
53
102
}
330
53
100
AcDbScale
 70
     0
300
1:8
140
1.0
141
8.0
290
     0
  0
SCALE
  5
7E
102
{ACAD_REACTORS
330
53
102
}
330
53
100
AcDbScale
 70
     0
300
1:10
140
1.0
141
10.0
290
     0
  0
SCALE
  5
7F
102
{ACAD_REACTORS
330
53
102
}
330
53
100
AcDbScale
 70
     0
300
1:16
140
1.0
141
16.0
290
     0
  0
SCALE
  5
80
102
{ACAD_REACTORS
330
53
102
}
330
53
100
AcDbScale
 70
     0
300
1:20
140
1.0
141
20.0
290
     0
  0
SCALE
  5
81
102
{ACAD_REACTORS
330
53
102
}
330
53
100
AcDbScale
 70
     0
300
1:30
140
1.0
141
30.0
290
     0
  0
SCALE
  5
82
102
{ACAD_REACTORS
330
53
102
}
330
53
100
AcDbScale
 70
     0
300
1:40
140
1.0
141
40.0
290
     0
  0
SCALE
  5
83
102
{ACAD_REACTORS
330
53
102
}
330
53
100
AcDbScale
 70
     0
300
1:50
140
1.0
141
50.0
290
     0
  0
SCALE
  5
84
102
{ACAD_REACTORS
330
53
102
}
330
53
100
AcDbScale
 70
     0
300
1:100
140
1.0
141
100.0
290
     0
  0
SCALE
  5
85
102
{ACAD_REACTORS
330
53
102
}
330
53
100
AcDbScale
 70
     0
300
2:1
140
2.0
141
1.0
290
     0
  0
SCALE
  5
86
102
{ACAD_REACTORS
330
53
102
}
330
53
100
AcDbScale
 70
     0
300
4:1
140
4.0
141
1.0
290
     0
  0
SCALE
  5
87
102
{ACAD_REACTORS
330
53
102
}
330
53
100
AcDbScale
 70
     0
300
8:1
140
8.0
141
1.0
290
     0
  0
SCALE
  5
88
102
{ACAD_REACTORS
330
53
102
}
330
53
100
AcDbScale
 70
     0
300
10:1
140
10.0
141
1.0
290
     0
  0
SCALE
  5
89
102
{ACAD_REACTORS
330
53
102
}
330
53
100
AcDbScale
 70
     0
300
100:1
140
100.0
141
1.0
290
     0
  0
SCALE
  5
8A
102
{ACAD_REACTORS
330
53
102
}
330
53
100
AcDbScale
 70
     0
300
1/128" = 1'-0"
140
0.0078125
141
12.0
290
     0
  0
SCALE
  5
8B
102
{ACAD_REACTORS
330
53
102
}
330
53
100
AcDbScale
 70
     0
300
1/64" = 1'-0"
140
0.015625
141
12.0
290
     0
  0
SCALE
  5
8C
102
{ACAD_REACTORS
330
53
102
}
330
53
100
AcDbScale
 70
     0
300
1/32" = 1'-0"
140
0.03125
141
12.0
290
     0
  0
SCALE
  5
8D
102
{ACAD_REACTORS
330
53
102
}
330
53
100
AcDbScale
 70
     0
300
1/16" = 1'-0"
140
0.0625
141
12.0
290
     0
  0
SCALE
  5
8E
102
{ACAD_REACTORS
330
53
102
}
330
53
100
AcDbScale
 70
     0
300
3/32" = 1'-0"
140
0.09375
141
12.0
290
     0
  0
SCALE
  5
8F
102
{ACAD_REACTORS
330
53
102
}
330
53
100
AcDbScale
 70
     0
300
1/8" = 1'-0"
140
0.125
141
12.0
290
     0
  0
SCALE
  5
90
102
{ACAD_REACTORS
330
53
102
}
330
53
100
AcDbScale
 70
     0
300
3/16" = 1'-0"
140
0.1875
141
12.0
290
     0
  0
SCALE
  5
91
102
{ACAD_REACTORS
330
53
102
}
330
53
100
AcDbScale
 70
     0
300
1/4" = 1'-0"
140
0.25
141
12.0
290
     0
  0
SCALE
  5
92
102
{ACAD_REACTORS
330
53
102
}
330
53
100
AcDbScale
 70
     0
300
3/8" = 1'-0"
140
0.375
141
12.0
290
     0
  0
SCALE
  5
93
102
{ACAD_REACTORS
330
53
102
}
330
53
100
AcDbScale
 70
     0
300
1/2" = 1'-0"
140
0.5
141
12.0
290
     0
  0
SCALE
  5
94
102
{ACAD_REACTORS
330
53
102
}
330
53
100
AcDbScale
 70
     0
300
3/4" = 1'-0"
140
0.75
141
12.0
290
     0
  0
SCALE
  5
95
102
{ACAD_REACTORS
330
53
102
}
330
53
100
AcDbScale
 70
     0
300
1" = 1'-0"
140
1.0
141
12.0
290
     0
  0
SCALE
  5
96
102
{ACAD_REACTORS
330
53
102
}
330
53
100
AcDbScale
 70
     0
300
1-1/2" = 1'-0"
140
1.5
141
12.0
290
     0
  0
SCALE
  5
97
102
{ACAD_REACTORS
330
53
102
}
330
53
100
AcDbScale
 70
     0
300
3" = 1'-0"
140
3.0
141
12.0
290
     0
  0
SCALE
  5
98
102
{ACAD_REACTORS
330
53
102
}
330
53
100
AcDbScale
 70
     0
300
6" = 1'-0"
140
6.0
141
12.0
290
     0
  0
SCALE
  5
99
102
{ACAD_REACTORS
330
53
102
}
330
53
100
AcDbScale
 70
     0
300
1'-0" = 1'-0"
140
12.0
141
12.0
290
     0
  0
ACDBSECTIONVIEWSTYLE
  5
1EC
102
{ACAD_REACTORS
330
1D4
102
}
330
1D4
100
AcDbModelDocViewStyle
 70
     0
  3
Imperial24
290
     0
300
Imperial24
 90
        0
100
AcDbSectionViewStyle
 70
     0
 71
     0
 90
       78
 71
     1
340
23
 62
   256
 40
0.24
340
0
340
0
 62
   256
 40
0.24
300
I, O, Q, S, X, Z
 40
0.48
 90
        3
 40
0.18
 90
        1
 71
     2
340
14
 90
       25
 62
   256
340
14
 90
       50
 62
   256
 40
0.24
 40
0.0
 40
0.24
 71
     3
340
23
 62
   256
 40
0.24
 90
        1
 40
0.75
 90
        1
300
%<\AcVar ViewType \f "%tc1">% %<\AcVar ViewSectionStartId>%-%<\AcVar ViewSectionEndId>%\PSCALE %<\AcVar ViewScale \f "%sn">%
 71
     4
 62
   256
 62
   257
300
ANSI31
 40
1.0
 90
        0
290
     0
290
     0
 90
        6
 40
0.0
 40
1.570796326794897
 40
0.2617993877991494
 40
1.308996938995747
 40
-0.2617993877991494
 40
1.832595714594046
  0
TABLESTYLE
  5
75
102
{ACAD_REACTORS
330
54
102
}
102
{ACAD_XDICTIONARY
360
1ED
102
}
330
54
100
AcDbTableStyle
  3
Standard
 70
     0
 71
     0
 40
0.06
 41
0.06
280
     0
281
     0
  7
Standard
140
0.18
170
     2
 62
     0
 63
   257
283
     0
 90
      512
 91
        0
  1

274
    -2
284
     1
 64
     0
275
    -2
285
     1
 65
     0
276
    -2
286
     1
 66
     0
277
    -2
287
     1
 67
     0
278
    -2
288
     1
 68
     0
279
    -2
289
     1
 69
     0
  7
Standard
140
0.25
170
     5
 62
     0
 63
   257
283
     0
 90
      512
 91
        0
  1

274
    -2
284
     1
 64
     0
275
    -2
285
     1
 65
     0
276
    -2
286
     1
 66
     0
277
    -2
287
     1
 67
     0
278
    -2
288
     1
 68
     0
279
    -2
289
     1
 69
     0
  7
Standard
140
0.18
170
     5
 62
     0
 63
   257
283
     0
 90
      512
 91
        0
  1

274
    -2
284
     1
 64
     0
275
    -2
285
     1
 65
     0
276
    -2
286
     1
 66
     0
277
    -2
287
     1
 67
     0
278
    -2
288
     1
 68
     0
279
    -2
289
     1
 69
     0
  0
VISUALSTYLE
  5
2C
102
{ACAD_REACTORS
330
2D
102
}
330
2D
100
AcDbVisualStyle
  2
2dWireframe
 70
     4
177
     3
291
     0
 70
    58
 90
        0
176
     1
 90
        2
176
     1
 90
        1
176
     1
 90
        0
176
     1
 40
0.6
176
     1
 40
30.0
176
     1
 62
     7
176
     1
 90
        1
176
     1
 90
        4
176
     1
 62
     7
176
     1
 62
   257
176
     1
 90
        1
176
     1
 90
        1
176
     1
 40
1.0
176
     1
 90
        0
176
     1
 62
   257
176
     1
 40
1.0
176
     1
 90
        1
176
     1
 90
        6
176
     1
 90
        2
176
     1
 62
     7
176
     1
 90
        5
176
     1
 90
        0
176
     1
 90
        0
176
     1
290
     0
176
     1
 90
        1
176
     1
 40
0.0
176
     1
 90
        0
176
     1
290
     1
176
     1
290
     1
176
     1
290
     0
176
     1
290
     0
176
     1
290
     0
176
     1
290
     0
176
     1
290
     0
176
     1
290
     0
176
     1
290
     0
176
     1
 90
       50
176
     1
 40
0.0
176
     1
 40
1.0
176
     1
 90
        0
176
     1
 62
    18
420
        0
176
     1
 90
       50
176
     1
 90
        3
176
     1
 62
     5
420
      255
176
     1
290
     0
176
     1
 90
       50
176
     1
 90
       50
176
     1
 90
       50
176
     1
290
     0
176
     1
 90
       50
176
     1
 62
   256
176
     0
 40
1.0
176
     0
 90
        2
176
     1
  1
strokes_ogs.tif
176
     1
290
     0
176
     1
 40
1.0
176
     1
 40
1.0
176
     1
  0
VISUALSTYLE
  5
1DA
102
{ACAD_REACTORS
330
2D
102
}
330
2D
100
AcDbVisualStyle
  2
Basic
 70
     7
177
     3
291
     1
 70
    58
 90
        1
176
     1
 90
        0
176
     1
 90
        1
176
     1
 90
        0
176
     1
 40
0.6
176
     1
 40
30.0
176
     1
 62
     7
420
 16777215
176
     1
 90
        0
176
     1
 90
        4
176
     1
 62
     7
176
     1
 62
   257
176
     1
 90
        1
176
     1
 90
        1
176
     1
 40
1.0
176
     1
 90
        8
176
     1
 62
     7
176
     1
 40
1.0
176
     1
 90
        1
176
     1
 90
        6
176
     1
 90
        2
176
     1
 62
     7
176
     1
 90
        5
176
     1
 90
        0
176
     1
 90
        0
176
     1
290
     0
176
     1
 90
        1
176
     1
 40
0.0
176
     1
 90
        0
176
     1
290
     0
176
     1
290
     1
176
     1
290
     1
176
     1
290
     0
176
     1
290
     0
176
     1
290
     0
176
     1
290
     0
176
     1
290
     0
176
     1
290
     0
176
     1
 90
       50
176
     1
 40
0.0
176
     1
 40
1.0
176
     1
 90
        0
176
     1
 62
    18
420
        0
176
     1
 90
       50
176
     1
 90
        3
176
     1
 62
     5
420
      255
176
     1
290
     0
176
     1
 90
       50
176
     1
 90
       50
176
     1
 90
       50
176
     1
290
     0
176
     1
 90
       50
176
     1
 62
   256
176
     0
 40
1.0
176
     0
 90
        2
176
     1
  1
strokes_ogs.tif
176
     1
290
     0
176
     1
 40
1.0
176
     1
 40
1.0
176
     1
  0
VISUALSTYLE
  5
1DD
102
{ACAD_REACTORS
330
2D
102
}
330
2D
100
AcDbVisualStyle
  2
Brighten
 70
    12
177
     3
291
     1
 70
    58
 90
        2
176
     1
 90
        2
176
     1
 90
        0
176
     1
 90
        0
176
     1
 40
0.6
176
     1
 40
30.0
176
     1
 62
     7
420
 16777215
176
     1
 90
        1
176
     1
 90
        4
176
     1
 62
     7
176
     1
 62
   257
176
     1
 90
        1
176
     1
 90
        1
176
     1
 40
1.0
176
     1
 90
        8
176
     1
 62
     7
176
     1
 40
1.0
176
     1
 90
        1
176
     1
 90
        6
176
     1
 90
        2
176
     1
 62
     7
176
     1
 90
        5
176
     1
 90
        0
176
     1
 90
        0
176
     1
290
     0
176
     1
 90
        1
176
     1
 40
50.0
176
     1
 90
        0
176
     1
290
     0
176
     1
290
     1
176
     1
290
     1
176
     1
290
     0
176
     1
290
     0
176
     1
290
     0
176
     1
290
     0
176
     1
290
     0
176
     1
290
     0
176
     1
 90
       50
176
     1
 40
0.0
176
     1
 40
1.0
176
     1
 90
        0
176
     1
 62
    18
420
        0
176
     1
 90
       50
176
     1
 90
        3
176
     1
 62
     5
420
      255
176
     1
290
     0
176
     1
 90
       50
176
     1
 90
       50
176
     1
 90
       50
176
     1
290
     0
176
     1
 90
       50
176
     1
 62
   256
176
     0
 40
1.0
176
     0
 90
        2
176
     1
  1
strokes_ogs.tif
176
     1
290
     0
176
     1
 40
1.0
176
     1
 40
1.0
176
     1
  0
VISUALSTYLE
  5
1E1
102
{ACAD_REACTORS
330
2D
102
}
330
2D
100
AcDbVisualStyle
  2
ColorChange
 70
    16
177
     3
291
     1
 70
    58
 90
        2
176
     1
 90
        2
176
     1
 90
        3
176
     1
 90
        0
176
     1
 40
0.6
176
     1
 40
30.0
176
     1
 62
     8
420
  8421504
176
     1
 90
        1
176
     1
 90
        4
176
     1
 62
     7
176
     1
 62
   257
176
     1
 90
        1
176
     1
 90
        1
176
     1
 40
1.0
176
     1
 90
        8
176
     1
 62
     8
420
  8421504
176
     1
 40
1.0
176
     1
 90
        1
176
     1
 90
        6
176
     1
 90
        2
176
     1
 62
     7
176
     1
 90
        5
176
     1
 90
        0
176
     1
 90
        0
176
     1
290
     0
176
     1
 90
        1
176
     1
 40
0.0
176
     1
 90
        0
176
     1
290
     0
176
     1
290
     1
176
     1
290
     1
176
     1
290
     0
176
     1
290
     0
176
     1
290
     0
176
     1
290
     0
176
     1
290
     0
176
     1
290
     0
176
     1
 90
       50
176
     1
 40
0.0
176
     1
 40
1.0
176
     1
 90
        0
176
     1
 62
    18
420
        0
176
     1
 90
       50
176
     1
 90
        3
176
     1
 62
     5
420
      255
176
     1
290
     0
176
     1
 90
       50
176
     1
 90
       50
176
     1
 90
       50
176
     1
290
     0
176
     1
 90
       50
176
     1
 62
   256
176
     0
 40
1.0
176
     0
 90
        2
176
     1
  1
strokes_ogs.tif
176
     1
290
     0
176
     1
 40
1.0
176
     1
 40
1.0
176
     1
  0
VISUALSTYLE
  5
1DB
102
{ACAD_REACTORS
330
2D
102
}
330
2D
100
AcDbVisualStyle
  2
Conceptual
 70
     9
177
     3
291
     0
 70
    58
 90
        3
176
     1
 90
        2
176
     1
 90
        0
176
     1
 90
        0
176
     1
 40
0.6
176
     1
 40
30.0
176
     1
 62
     7
420
 16777215
176
     1
 90
        2
176
     1
 90
        2
176
     1
 62
     7
176
     1
 62
   257
176
     1
 90
        1
176
     1
 90
        1
176
     1
 40
179.0
176
     1
 90
        8
176
     1
 62
     7
176
     1
 40
1.0
176
     1
 90
        1
176
     1
 90
        6
176
     1
 90
        2
176
     1
 62
     7
176
     1
 90
        3
176
     1
 90
        0
176
     1
 90
        0
176
     1
290
     0
176
     1
 90
        1
176
     1
 40
0.0
176
     1
 90
        0
176
     1
290
     0
176
     1
290
     1
176
     1
290
     1
176
     1
290
     0
176
     1
290
     0
176
     1
290
     0
176
     1
290
     0
176
     1
290
     0
176
     1
290
     0
176
     1
 90
       50
176
     1
 40
0.0
176
     1
 40
1.0
176
     1
 90
        0
176
     1
 62
    18
420
        0
176
     1
 90
       50
176
     1
 90
        3
176
     1
 62
     5
420
      255
176
     1
290
     0
176
     1
 90
       50
176
     1
 90
       50
176
     1
 90
       50
176
     1
290
     0
176
     1
 90
       50
176
     1
 62
   256
176
     0
 40
1.0
176
     0
 90
        2
176
     1
  1
strokes_ogs.tif
176
     1
290
     0
176
     1
 40
1.0
176
     1
 40
1.0
176
     1
  0
VISUALSTYLE
  5
1DC
102
{ACAD_REACTORS
330
2D
102
}
330
2D
100
AcDbVisualStyle
  2
Dim
 70
    11
177
     3
291
     1
 70
    58
 90
        2
176
     1
 90
        2
176
     1
 90
        0
176
     1
 90
        0
176
     1
 40
0.6
176
     1
 40
30.0
176
     1
 62
     7
420
 16777215
176
     1
 90
        1
176
     1
 90
        4
176
     1
 62
     7
176
     1
 62
   257
176
     1
 90
        1
176
     1
 90
        1
176
     1
 40
1.0
176
     1
 90
        8
176
     1
 62
     7
176
     1
 40
1.0
176
     1
 90
        1
176
     1
 90
        6
176
     1
 90
        2
176
     1
 62
     7
176
     1
 90
        5
176
     1
 90
        0
176
     1
 90
        0
176
     1
290
     0
176
     1
 90
        1
176
     1
 40
-50.0
176
     1
 90
        0
176
     1
290
     0
176
     1
290
     1
176
     1
290
     1
176
     1
290
     0
176
     1
290
     0
176
     1
290
     0
176
     1
290
     0
176
     1
290
     0
176
     1
290
     0
176
     1
 90
       50
176
     1
 40
0.0
176
     1
 40
1.0
176
     1
 90
        0
176
     1
 62
    18
420
        0
176
     1
 90
       50
176
     1
 90
        3
176
     1
 62
     5
420
      255
176
     1
290
     0
176
     1
 90
       50
176
     1
 90
       50
176
     1
 90
       50
176
     1
290
     0
176
     1
 90
       50
176
     1
 62
   256
176
     0
 40
1.0
176
     0
 90
        2
176
     1
  1
strokes_ogs.tif
176
     1
290
     0
176
     1
 40
1.0
176
     1
 40
1.0
176
     1
  0
VISUALSTYLE
  5
1E4
102
{ACAD_REACTORS
330
2D
102
}
330
2D
100
AcDbVisualStyle
  2
EdgeColorOff
 70
    22
177
     3
291
     1
 70
    58
 90
        2
176
     0
 90
        2
176
     0
 90
        0
176
     0
 90
        0
176
     0
 40
0.6
176
     0
 40
30.0
176
     0
 62
     7
420
 16777215
176
     0
 90
        1
176
     0
 90
        4
176
     0
 62
     7
176
     0
 62
   257
176
     0
 90
        1
176
     0
 90
        1
176
     0
 40
1.0
176
     0
 90
        8
176
     2
 62
     7
176
     0
 40
1.0
176
     0
 90
        1
176
     0
 90
        6
176
     0
 90
        2
176
     0
 62
     7
176
     0
 90
        5
176
     0
 90
        0
176
     0
 90
        0
176
     0
290
     0
176
     0
 90
        1
176
     0
 40
0.0
176
     0
 90
        0
176
     0
290
     0
176
     0
290
     1
176
     0
290
     1
176
     0
290
     0
176
     0
290
     0
176
     0
290
     0
176
     0
290
     0
176
     0
290
     0
176
     0
290
     0
176
     0
 90
       50
176
     0
 40
0.0
176
     0
 40
1.0
176
     0
 90
        0
176
     0
 62
    18
420
        0
176
     0
 90
       50
176
     0
 90
        3
176
     0
 62
     5
420
      255
176
     0
290
     0
176
     0
 90
       50
176
     0
 90
       50
176
     0
 90
       50
176
     0
290
     0
176
     0
 90
       50
176
     0
 62
   256
176
     0
 40
1.0
176
     0
 90
        2
176
     0
  1
strokes_ogs.tif
176
     0
290
     0
176
     0
 40
1.0
176
     0
 40
1.0
176
     0
  0
VISUALSTYLE
  5
1E0
102
{ACAD_REACTORS
330
2D
102
}
330
2D
100
AcDbVisualStyle
  2
Facepattern
 70
    15
177
     3
291
     1
 70
    58
 90
        2
176
     1
 90
        2
176
     1
 90
        0
176
     1
 90
        0
176
     1
 40
0.6
176
     1
 40
30.0
176
     1
 62
     7
420
 16777215
176
     1
 90
        1
176
     1
 90
        4
176
     1
 62
     7
176
     1
 62
   257
176
     1
 90
        1
176
     1
 90
        1
176
     1
 40
1.0
176
     1
 90
        8
176
     1
 62
     7
176
     1
 40
1.0
176
     1
 90
        1
176
     1
 90
        6
176
     1
 90
        2
176
     1
 62
     7
176
     1
 90
        5
176
     1
 90
        0
176
     1
 90
        0
176
     1
290
     0
176
     1
 90
        1
176
     1
 40
0.0
176
     1
 90
        0
176
     1
290
     0
176
     1
290
     1
176
     1
290
     1
176
     1
290
     0
176
     1
290
     0
176
     1
290
     0
176
     1
290
     0
176
     1
290
     0
176
     1
290
     0
176
     1
 90
       50
176
     1
 40
0.0
176
     1
 40
1.0
176
     1
 90
        0
176
     1
 62
    18
420
        0
176
     1
 90
       50
176
     1
 90
        3
176
     1
 62
     5
420
      255
176
     1
290
     0
176
     1
 90
       50
176
     1
 90
       50
176
     1
 90
       50
176
     1
290
     0
176
     1
 90
       50
176
     1
 62
   256
176
     0
 40
1.0
176
     0
 90
        2
176
     1
  1
strokes_ogs.tif
176
     1
290
     0
176
     1
 40
1.0
176
     1
 40
1.0
176
     1
  0
VISUALSTYLE
  5
1D5
102
{ACAD_REACTORS
330
2D
102
}
330
2D
100
AcDbVisualStyle
  2
Flat
 70
     0
177
     3
291
     1
 70
    58
 90
        2
176
     1
 90
        1
176
     1
 90
        1
176
     1
 90
        2
176
     1
 40
0.6
176
     1
 40
30.0
176
     1
 62
     7
420
 16777215
176
     1
 90
        0
176
     1
 90
        0
176
     1
 62
     7
176
     1
 62
   257
176
     1
 90
        1
176
     1
 90
        1
176
     1
 40
1.0
176
     1
 90
        8
176
     1
 62
     7
176
     1
 40
1.0
176
     1
 90
        1
176
     1
 90
        6
176
     1
 90
        2
176
     1
 62
     7
176
     1
 90
        5
176
     1
 90
        0
176
     1
 90
        0
176
     1
290
     0
176
     1
 90
       13
176
     1
 40
0.0
176
     1
 90
        0
176
     1
290
     0
176
     1
290
     1
176
     1
290
     1
176
     1
290
     0
176
     1
290
     0
176
     1
290
     0
176
     1
290
     0
176
     1
290
     0
176
     1
290
     0
176
     1
 90
       50
176
     1
 40
0.0
176
     1
 40
1.0
176
     1
 90
        0
176
     1
 62
    18
420
        0
176
     1
 90
       50
176
     1
 90
        3
176
     1
 62
     5
420
      255
176
     1
290
     0
176
     1
 90
       50
176
     1
 90
       50
176
     1
 90
       50
176
     1
290
     0
176
     1
 90
       50
176
     1
 62
   256
176
     0
 40
1.0
176
     0
 90
        2
176
     1
  1
strokes_ogs.tif
176
     1
290
     0
176
     1
 40
1.0
176
     1
 40
1.0
176
     1
  0
VISUALSTYLE
  5
1D6
102
{ACAD_REACTORS
330
2D
102
}
330
2D
100
AcDbVisualStyle
  2
FlatWithEdges
 70
     1
177
     3
291
     1
 70
    58
 90
        2
176
     1
 90
        1
176
     1
 90
        1
176
     1
 90
        2
176
     1
 40
0.6
176
     1
 40
30.0
176
     1
 62
     7
420
 16777215
176
     1
 90
        1
176
     1
 90
        0
176
     1
 62
     7
176
     1
 62
   257
176
     1
 90
        1
176
     1
 90
        1
176
     1
 40
1.0
176
     1
 90
        0
176
     1
 62
   257
176
     1
 40
1.0
176
     1
 90
        1
176
     1
 90
        6
176
     1
 90
        2
176
     1
 62
     7
176
     1
 90
        5
176
     1
 90
        0
176
     1
 90
        0
176
     1
290
     0
176
     1
 90
       13
176
     1
 40
0.0
176
     1
 90
        0
176
     1
290
     0
176
     1
290
     1
176
     1
290
     1
176
     1
290
     0
176
     1
290
     0
176
     1
290
     0
176
     1
290
     0
176
     1
290
     0
176
     1
290
     0
176
     1
 90
       50
176
     1
 40
0.0
176
     1
 40
1.0
176
     1
 90
        0
176
     1
 62
    18
420
        0
176
     1
 90
       50
176
     1
 90
        3
176
     1
 62
     5
420
      255
176
     1
290
     0
176
     1
 90
       50
176
     1
 90
       50
176
     1
 90
       50
176
     1
290
     0
176
     1
 90
       50
176
     1
 62
   256
176
     0
 40
1.0
176
     0
 90
        2
176
     1
  1
strokes_ogs.tif
176
     1
290
     0
176
     1
 40
1.0
176
     1
 40
1.0
176
     1
  0
VISUALSTYLE
  5
1D7
102
{ACAD_REACTORS
330
2D
102
}
330
2D
100
AcDbVisualStyle
  2
Gouraud
 70
     2
177
     3
291
     1
 70
    58
 90
        2
176
     1
 90
        2
176
     1
 90
        1
176
     1
 90
        2
176
     1
 40
0.6
176
     1
 40
30.0
176
     1
 62
     7
420
 16777215
176
     1
 90
        0
176
     1
 90
        0
176
     1
 62
     7
176
     1
 62
   257
176
     1
 90
        1
176
     1
 90
        1
176
     1
 40
1.0
176
     1
 90
        0
176
     1
 62
     7
176
     1
 40
1.0
176
     1
 90
        1
176
     1
 90
        6
176
     1
 90
        2
176
     1
 62
     7
176
     1
 90
        5
176
     1
 90
        0
176
     1
 90
        0
176
     1
290
     0
176
     1
 90
       13
176
     1
 40
0.0
176
     1
 90
        0
176
     1
290
     0
176
     1
290
     1
176
     1
290
     1
176
     1
290
     0
176
     1
290
     0
176
     1
290
     0
176
     1
290
     0
176
     1
290
     0
176
     1
290
     0
176
     1
 90
       50
176
     1
 40
0.0
176
     1
 40
1.0
176
     1
 90
        0
176
     1
 62
    18
420
        0
176
     1
 90
       50
176
     1
 90
        3
176
     1
 62
     5
420
      255
176
     1
290
     0
176
     1
 90
       50
176
     1
 90
       50
176
     1
 90
       50
176
     1
290
     0
176
     1
 90
       50
176
     1
 62
   256
176
     0
 40
1.0
176
     0
 90
        2
176
     1
  1
strokes_ogs.tif
176
     1
290
     0
176
     1
 40
1.0
176
     1
 40
1.0
176
     1
  0
VISUALSTYLE
  5
1D8
102
{ACAD_REACTORS
330
2D
102
}
330
2D
100
AcDbVisualStyle
  2
GouraudWithEdges
 70
     3
177
     3
291
     1
 70
    58
 90
        2
176
     1
 90
        2
176
     1
 90
        1
176
     1
 90
        2
176
     1
 40
0.6
176
     1
 40
30.0
176
     1
 62
     7
420
 16777215
176
     1
 90
        1
176
     1
 90
        0
176
     1
 62
     7
176
     1
 62
   257
176
     1
 90
        1
176
     1
 90
        1
176
     1
 40
1.0
176
     1
 90
        0
176
     1
 62
   257
176
     1
 40
1.0
176
     1
 90
        1
176
     1
 90
        6
176
     1
 90
        2
176
     1
 62
     7
176
     1
 90
        5
176
     1
 90
        0
176
     1
 90
        0
176
     1
290
     0
176
     1
 90
       13
176
     1
 40
0.0
176
     1
 90
        0
176
     1
290
     0
176
     1
290
     1
176
     1
290
     1
176
     1
290
     0
176
     1
290
     0
176
     1
290
     0
176
     1
290
     0
176
     1
290
     0
176
     1
290
     0
176
     1
 90
       50
176
     1
 40
0.0
176
     1
 40
1.0
176
     1
 90
        0
176
     1
 62
    18
420
        0
176
     1
 90
       50
176
     1
 90
        3
176
     1
 62
     5
420
      255
176
     1
290
     0
176
     1
 90
       50
176
     1
 90
       50
176
     1
 90
       50
176
     1
290
     0
176
     1
 90
       50
176
     1
 62
   256
176
     0
 40
1.0
176
     0
 90
        2
176
     1
  1
strokes_ogs.tif
176
     1
290
     0
176
     1
 40
1.0
176
     1
 40
1.0
176
     1
  0
VISUALSTYLE
  5
1D9
102
{ACAD_REACTORS
330
2D
102
}
330
2D
100
AcDbVisualStyle
  2
Hidden
 70
     6
177
     3
291
     0
 70
    58
 90
        1
176
     1
 90
        2
176
     1
 90
        2
176
     1
 90
        0
176
     1
 40
0.6
176
     1
 40
30.0
176
     1
 62
     7
420
 16777215
176
     1
 90
        2
176
     1
 90
        2
176
     1
 62
     7
176
     1
 62
   257
176
     1
 90
        2
176
     1
 90
        1
176
     1
 40
40.0
176
     1
 90
        0
176
     1
 62
   257
176
     1
 40
1.0
176
     1
 90
        1
176
     1
 90
        6
176
     1
 90
        2
176
     1
 62
     7
176
     1
 90
        3
176
     1
 90
        0
176
     1
 90
        0
176
     1
290
     0
176
     1
 90
        1
176
     1
 40
0.0
176
     1
 90
        0
176
     1
290
     0
176
     1
290
     1
176
     1
290
     1
176
     1
290
     0
176
     1
290
     0
176
     1
290
     0
176
     1
290
     0
176
     1
290
     0
176
     1
290
     0
176
     1
 90
       50
176
     1
 40
0.0
176
     1
 40
1.0
176
     1
 90
        0
176
     1
 62
    18
420
        0
176
     1
 90
       50
176
     1
 90
        3
176
     1
 62
     5
420
      255
176
     1
290
     0
176
     1
 90
       50
176
     1
 90
       50
176
     1
 90
       50
176
     1
290
     0
176
     1
 90
       50
176
     1
 62
   256
176
     0
 40
1.0
176
     0
 90
        2
176
     1
  1
strokes_ogs.tif
176
     1
290
     0
176
     1
 40
1.0
176
     1
 40
1.0
176
     1
  0
VISUALSTYLE
  5
1E2
102
{ACAD_REACTORS
330
2D
102
}
330
2D
100
AcDbVisualStyle
  2
JitterOff
 70
    20
177
     3
291
     1
 70
    58
 90
        2
176
     0
 90
        2
176
     0
 90
        0
176
     0
 90
        0
176
     0
 40
0.6
176
     0
 40
30.0
176
     0
 62
     7
420
 16777215
176
     0
 90
        1
176
     0
 90
        4
176
     0
 62
     7
176
     0
 62
   257
176
     0
 90
        1
176
     0
 90
        1
176
     0
 40
1.0
176
     0
 90
       10
176
     2
 62
     7
176
     0
 40
1.0
176
     0
 90
        1
176
     0
 90
        6
176
     0
 90
        2
176
     0
 62
     7
176
     0
 90
        5
176
     0
 90
        0
176
     0
 90
        0
176
     0
290
     0
176
     0
 90
        1
176
     0
 40
0.0
176
     0
 90
        0
176
     0
290
     0
176
     0
290
     1
176
     0
290
     1
176
     0
290
     0
176
     0
290
     0
176
     0
290
     0
176
     0
290
     0
176
     0
290
     0
176
     0
290
     0
176
     0
 90
       50
176
     0
 40
0.0
176
     0
 40
1.0
176
     0
 90
        0
176
     0
 62
    18
420
        0
176
     0
 90
       50
176
     0
 90
        3
176
     0
 62
     5
420
      255
176
     0
290
     0
176
     0
 90
       50
176
     0
 90
       50
176
     0
 90
       50
176
     0
290
     0
176
     0
 90
       50
176
     0
 62
   256
176
     0
 40
1.0
176
     0
 90
        2
176
     0
  1
strokes_ogs.tif
176
     0
290
     0
176
     0
 40
1.0
176
     0
 40
1.0
176
     0
  0
VISUALSTYLE
  5
1DF
102
{ACAD_REACTORS
330
2D
102
}
330
2D
100
AcDbVisualStyle
  2
Linepattern
 70
    14
177
     3
291
     1
 70
    58
 90
        2
176
     1
 90
        2
176
     1
 90
        0
176
     1
 90
        0
176
     1
 40
0.6
176
     1
 40
30.0
176
     1
 62
     7
420
 16777215
176
     1
 90
        1
176
     1
 90
        4
176
     1
 62
     7
176
     1
 62
   257
176
     1
 90
        7
176
     1
 90
        7
176
     1
 40
1.0
176
     1
 90
        8
176
     1
 62
     7
176
     1
 40
1.0
176
     1
 90
        1
176
     1
 90
        6
176
     1
 90
        2
176
     1
 62
     7
176
     1
 90
        5
176
     1
 90
        0
176
     1
 90
        0
176
     1
290
     0
176
     1
 90
        1
176
     1
 40
0.0
176
     1
 90
        0
176
     1
290
     0
176
     1
290
     1
176
     1
290
     1
176
     1
290
     0
176
     1
290
     0
176
     1
290
     0
176
     1
290
     0
176
     1
290
     0
176
     1
290
     0
176
     1
 90
       50
176
     1
 40
0.0
176
     1
 40
1.0
176
     1
 90
        0
176
     1
 62
    18
420
        0
176
     1
 90
       50
176
     1
 90
        3
176
     1
 62
     5
420
      255
176
     1
290
     0
176
     1
 90
       50
176
     1
 90
       50
176
     1
 90
       50
176
     1
290
     0
176
     1
 90
       50
176
     1
 62
   256
176
     0
 40
1.0
176
     0
 90
        2
176
     1
  1
strokes_ogs.tif
176
     1
290
     0
176
     1
 40
1.0
176
     1
 40
1.0
176
     1
  0
VISUALSTYLE
  5
1E3
102
{ACAD_REACTORS
330
2D
102
}
330
2D
100
AcDbVisualStyle
  2
OverhangOff
 70
    21
177
     3
291
     1
 70
    58
 90
        2
176
     0
 90
        2
176
     0
 90
        0
176
     0
 90
        0
176
     0
 40
0.6
176
     0
 40
30.0
176
     0
 62
     7
420
 16777215
176
     0
 90
        1
176
     0
 90
        4
176
     0
 62
     7
176
     0
 62
   257
176
     0
 90
        1
176
     0
 90
        1
176
     0
 40
1.0
176
     0
 90
        9
176
     2
 62
     7
176
     0
 40
1.0
176
     0
 90
        1
176
     0
 90
        6
176
     0
 90
        2
176
     0
 62
     7
176
     0
 90
        5
176
     0
 90
        0
176
     0
 90
        0
176
     0
290
     0
176
     0
 90
        1
176
     0
 40
0.0
176
     0
 90
        0
176
     0
290
     0
176
     0
290
     1
176
     0
290
     1
176
     0
290
     0
176
     0
290
     0
176
     0
290
     0
176
     0
290
     0
176
     0
290
     0
176
     0
290
     0
176
     0
 90
       50
176
     0
 40
0.0
176
     0
 40
1.0
176
     0
 90
        0
176
     0
 62
    18
420
        0
176
     0
 90
       50
176
     0
 90
        3
176
     0
 62
     5
420
      255
176
     0
290
     0
176
     0
 90
       50
176
     0
 90
       50
176
     0
 90
       50
176
     0
290
     0
176
     0
 90
       50
176
     0
 62
   256
176
     0
 40
1.0
176
     0
 90
        2
176
     0
  1
strokes_ogs.tif
176
     0
290
     0
176
     0
 40
1.0
176
     0
 40
1.0
176
     0
  0
VISUALSTYLE
  5
77
102
{ACAD_REACTORS
330
2D
102
}
330
2D
100
AcDbVisualStyle
  2
Realistic
 70
     8
177
     3
291
     0
 70
    58
 90
        2
176
     1
 90
        2
176
     1
 90
        0
176
     1
 90
        2
176
     1
 40
0.6
176
     1
 40
30.0
176
     1
 62
     7
176
     1
 90
        0
176
     1
 90
        0
176
     1
 62
     7
176
     1
 62
   257
176
     1
 90
        1
176
     1
 90
        1
176
     1
 40
1.0
176
     1
 90
        8
176
     1
 62
   257
176
     1
 40
1.0
176
     1
 90
        1
176
     1
 90
        6
176
     1
 90
        2
176
     1
 62
     7
176
     1
 90
        3
176
     1
 90
        0
176
     1
 90
        0
176
     1
290
     0
176
     1
 90
       13
176
     1
 40
0.0
176
     1
 90
        0
176
     1
290
     0
176
     1
290
     1
176
     1
290
     1
176
     1
290
     0
176
     1
290
     0
176
     1
290
     0
176
     1
290
     0
176
     1
290
     0
176
     1
290
     0
176
     1
 90
       50
176
     1
 40
0.0
176
     1
 40
1.0
176
     1
 90
        0
176
     1
 62
    18
420
        0
176
     1
 90
       50
176
     1
 90
        3
176
     1
 62
     5
420
      255
176
     1
290
     0
176
     1
 90
       50
176
     1
 90
       50
176
     1
 90
       50
176
     1
290
     0
176
     1
 90
       50
176
     1
 62
   256
176
     0
 40
1.0
176
     0
 90
        2
176
     1
  1
strokes_ogs.tif
176
     1
290
     0
176
     1
 40
1.0
176
     1
 40
1.0
176
     1
  0
VISUALSTYLE
  5
1E9
102
{ACAD_REACTORS
330
2D
102
}
330
2D
100
AcDbVisualStyle
  2
Shaded
 70
    27
177
     3
291
     0
 70
    58
 90
        2
176
     1
 90
        2
176
     1
 90
        1
176
     1
 90
        2
176
     1
 40
0.6
176
     1
 40
30.0
176
     1
 62
     7
420
 16777215
176
     1
 90
        0
176
     1
 90
        4
176
     1
 62
     7
176
     1
 62
   257
176
     1
 90
        1
176
     1
 90
        1
176
     1
 40
1.0
176
     1
 90
        8
176
     1
 62
   257
176
     1
 40
1.0
176
     1
 90
        1
176
     1
 90
        6
176
     1
 90
        2
176
     1
 62
     8
420
  7895160
176
     1
 90
        3
176
     1
 90
        0
176
     1
 90
        0
176
     1
290
     0
176
     1
 90
        5
176
     1
 40
0.0
176
     1
 90
        0
176
     1
290
     0
176
     1
290
     1
176
     1
290
     1
176
     1
290
     0
176
     1
290
     0
176
     1
290
     0
176
     1
290
     0
176
     1
290
     0
176
     1
290
     0
176
     1
 90
       50
176
     1
 40
0.0
176
     1
 40
1.0
176
     1
 90
        0
176
     1
 62
    18
420
        0
176
     1
 90
       50
176
     1
 90
        3
176
     1
 62
     5
420
      255
176
     1
290
     0
176
     1
 90
       50
176
     1
 90
       50
176
     1
 90
       50
176
     1
290
     0
176
     1
 90
       50
176
     1
 62
   256
176
     0
 40
1.0
176
     0
 90
        2
176
     1
  1
strokes_ogs.tif
176
     1
290
     0
176
     1
 40
1.0
176
     1
 40
1.0
176
     1
  0
VISUALSTYLE
  5
1E8
102
{ACAD_REACTORS
330
2D
102
}
330
2D
100
AcDbVisualStyle
  2
Shaded with edges
 70
    26
177
     3
291
     0
 70
    58
 90
        2
176
     1
 90
        2
176
     1
 90
        1
176
     1
 90
        2
176
     1
 40
0.6
176
     1
 40
30.0
176
     1
 62
     7
420
 16777215
176
     1
 90
        1
176
     1
 90
       10
176
     1
 62
     7
176
     1
 62
   257
176
     1
 90
        2
176
     1
 90
        1
176
     1
 40
1.0
176
     1
 90
        8
176
     1
 62
   257
176
     1
 40
1.0
176
     1
 90
        1
176
     1
 90
        6
176
     1
 90
        2
176
     1
 62
     7
176
     1
 90
        3
176
     1
 90
        0
176
     1
 90
        0
176
     1
290
     0
176
     1
 90
        5
176
     1
 40
0.0
176
     1
 90
        0
176
     1
290
     0
176
     1
290
     1
176
     1
290
     1
176
     1
290
     0
176
     1
290
     0
176
     1
290
     0
176
     1
290
     0
176
     1
290
     0
176
     1
290
     0
176
     1
 90
       50
176
     1
 40
0.0
176
     1
 40
1.0
176
     1
 90
        0
176
     1
 62
    18
420
        0
176
     1
 90
       50
176
     1
 90
        3
176
     1
 62
     5
420
      255
176
     1
290
     0
176
     1
 90
       50
176
     1
 90
       50
176
     1
 90
       50
176
     1
290
     0
176
     1
 90
       50
176
     1
 62
   256
176
     0
 40
1.0
176
     0
 90
        2
176
     1
  1
strokes_ogs.tif
176
     1
290
     0
176
     1
 40
1.0
176
     1
 40
1.0
176
     1
  0
VISUALSTYLE
  5
1E5
102
{ACAD_REACTORS
330
2D
102
}
330
2D
100
AcDbVisualStyle
  2
Shades of Gray
 70
    23
177
     3
291
     0
 70
    58
 90
        2
176
     1
 90
        2
176
     1
 90
        3
176
     1
 90
        0
176
     1
 40
0.6
176
     1
 40
30.0
176
     1
 62
     7
420
 16777215
176
     1
 90
        2
176
     1
 90
        2
176
     1
 62
     7
176
     1
 62
     7
176
     1
 90
        1
176
     1
 90
        1
176
     1
 40
40.0
176
     1
 90
        8
176
     1
 62
     7
176
     1
 40
1.0
176
     1
 90
        1
176
     1
 90
        6
176
     1
 90
        2
176
     1
 62
     7
176
     1
 90
        3
176
     1
 90
        0
176
     1
 90
        0
176
     1
290
     0
176
     1
 90
        1
176
     1
 40
0.0
176
     1
 90
        0
176
     1
290
     0
176
     1
290
     1
176
     1
290
     1
176
     1
290
     0
176
     1
290
     0
176
     1
290
     0
176
     1
290
     0
176
     1
290
     0
176
     1
290
     0
176
     1
 90
       50
176
     1
 40
0.0
176
     1
 40
1.0
176
     1
 90
        0
176
     1
 62
    18
420
        0
176
     1
 90
       50
176
     1
 90
        3
176
     1
 62
     5
420
      255
176
     1
290
     0
176
     1
 90
       50
176
     1
 90
       50
176
     1
 90
       50
176
     1
290
     0
176
     1
 90
       50
176
     1
 62
   256
176
     0
 40
1.0
176
     0
 90
        2
176
     1
  1
strokes_ogs.tif
176
     1
290
     0
176
     1
 40
1.0
176
     1
 40
1.0
176
     1
  0
VISUALSTYLE
  5
1E6
102
{ACAD_REACTORS
330
2D
102
}
330
2D
100
AcDbVisualStyle
  2
Sketchy
 70
    24
177
     3
291
     0
 70
    58
 90
        1
176
     1
 90
        2
176
     1
 90
        2
176
     1
 90
        0
176
     1
 40
0.6
176
     1
 40
30.0
176
     1
 62
     7
420
 16777215
176
     1
 90
        2
176
     1
 90
        2
176
     1
 62
     7
176
     1
 62
     7
176
     1
 90
        1
176
     1
 90
        1
176
     1
 40
40.0
176
     1
 90
       11
176
     1
 62
     7
176
     1
 40
1.0
176
     1
 90
        1
176
     1
 90
        6
176
     1
 90
        2
176
     1
 62
     7
176
     1
 90
        6
176
     1
 90
        0
176
     1
 90
        0
176
     1
290
     0
176
     1
 90
        1
176
     1
 40
0.0
176
     1
 90
        0
176
     1
290
     0
176
     1
290
     1
176
     1
290
     1
176
     1
290
     0
176
     1
290
     0
176
     1
290
     0
176
     1
290
     0
176
     1
290
     0
176
     1
290
     0
176
     1
 90
       50
176
     1
 40
0.0
176
     1
 40
1.0
176
     1
 90
        0
176
     1
 62
    18
420
        0
176
     1
 90
       50
176
     1
 90
        3
176
     1
 62
     5
420
      255
176
     1
290
     0
176
     1
 90
       50
176
     1
 90
       50
176
     1
 90
       50
176
     1
290
     0
176
     1
 90
       50
176
     1
 62
   256
176
     0
 40
1.0
176
     0
 90
        2
176
     1
  1
strokes_ogs.tif
176
     1
290
     0
176
     1
 40
1.0
176
     1
 40
1.0
176
     1
  0
VISUALSTYLE
  5
1DE
102
{ACAD_REACTORS
330
2D
102
}
330
2D
100
AcDbVisualStyle
  2
Thicken
 70
    13
177
     3
291
     1
 70
    58
 90
        2
176
     1
 90
        2
176
     1
 90
        0
176
     1
 90
        0
176
     1
 40
0.6
176
     1
 40
30.0
176
     1
 62
     7
420
 16777215
176
     1
 90
        1
176
     1
 90
        4
176
     1
 62
     7
176
     1
 62
   257
176
     1
 90
        1
176
     1
 90
        1
176
     1
 40
1.0
176
     1
 90
       12
176
     1
 62
     7
176
     1
 40
1.0
176
     1
 90
        1
176
     1
 90
        6
176
     1
 90
        2
176
     1
 62
     7
176
     1
 90
        5
176
     1
 90
        0
176
     1
 90
        0
176
     1
290
     0
176
     1
 90
        1
176
     1
 40
0.0
176
     1
 90
        0
176
     1
290
     0
176
     1
290
     1
176
     1
290
     1
176
     1
290
     0
176
     1
290
     0
176
     1
290
     0
176
     1
290
     0
176
     1
290
     0
176
     1
290
     0
176
     1
 90
       50
176
     1
 40
0.0
176
     1
 40
1.0
176
     1
 90
        0
176
     1
 62
    18
420
        0
176
     1
 90
       50
176
     1
 90
        3
176
     1
 62
     5
420
      255
176
     1
290
     0
176
     1
 90
       50
176
     1
 90
       50
176
     1
 90
       50
176
     1
290
     0
176
     1
 90
       50
176
     1
 62
   256
176
     0
 40
1.0
176
     0
 90
        2
176
     1
  1
strokes_ogs.tif
176
     1
290
     0
176
     1
 40
1.0
176
     1
 40
1.0
176
     1
  0
VISUALSTYLE
  5
78
102
{ACAD_REACTORS
330
2D
102
}
330
2D
100
AcDbVisualStyle
  2
Wireframe
 70
     5
177
     3
291
     0
 70
    58
 90
        0
176
     1
 90
        2
176
     1
 90
        0
176
     1
 90
        0
176
     1
 40
0.6
176
     1
 40
30.0
176
     1
 62
     7
420
 16777215
176
     1
 90
        1
176
     1
 90
        4
176
     1
 62
     7
176
     1
 62
   257
176
     1
 90
        1
176
     1
 90
        1
176
     1
 40
1.0
176
     1
 90
        0
176
     1
 62
   257
176
     1
 40
1.0
176
     1
 90
        1
176
     1
 90
        6
176
     1
 90
        2
176
     1
 62
     7
176
     1
 90
        3
176
     1
 90
        0
176
     1
 90
        0
176
     1
290
     0
176
     1
 90
        1
176
     1
 40
0.0
176
     1
 90
        0
176
     1
290
     0
176
     1
290
     1
176
     1
290
     1
176
     1
290
     0
176
     1
290
     0
176
     1
290
     0
176
     1
290
     0
176
     1
290
     0
176
     1
290
     0
176
     1
 90
       50
176
     1
 40
0.0
176
     1
 40
1.0
176
     1
 90
        0
176
     1
 62
    18
420
        0
176
     1
 90
       50
176
     1
 90
        3
176
     1
 62
     5
420
      255
176
     1
290
     0
176
     1
 90
       50
176
     1
 90
       50
176
     1
 90
       50
176
     1
290
     0
176
     1
 90
       50
176
     1
 62
   256
176
     0
 40
1.0
176
     0
 90
        2
176
     1
  1
strokes_ogs.tif
176
     1
290
     0
176
     1
 40
1.0
176
     1
 40
1.0
176
     1
  0
VISUALSTYLE
  5
1E7
102
{ACAD_REACTORS
330
2D
102
}
330
2D
100
AcDbVisualStyle
  2
X-Ray
 70
    25
177
     3
291
     0
 70
    58
 90
        2
176
     1
 90
        2
176
     1
 90
        1
176
     1
 90
        1
176
     1
 40
0.5
176
     1
 40
30.0
176
     1
 62
     7
420
 16777215
176
     1
 90
        1
176
     1
 90
        0
176
     1
 62
     7
176
     1
 62
   257
176
     1
 90
        1
176
     1
 90
        1
176
     1
 40
1.0
176
     1
 90
        8
176
     1
 62
     7
176
     1
 40
1.0
176
     1
 90
        1
176
     1
 90
        6
176
     1
 90
        2
176
     1
 62
     7
176
     1
 90
        3
176
     1
 90
        0
176
     1
 90
        0
176
     1
290
     0
176
     1
 90
       13
176
     1
 40
0.0
176
     1
 90
        0
176
     1
290
     0
176
     1
290
     1
176
     1
290
     1
176
     1
290
     0
176
     1
290
     0
176
     1
290
     0
176
     1
290
     0
176
     1
290
     0
176
     1
290
     0
176
     1
 90
       50
176
     1
 40
0.0
176
     1
 40
1.0
176
     1
 90
        0
176
     1
 62
    18
420
        0
176
     1
 90
       50
176
     1
 90
        3
176
     1
 62
     5
420
      255
176
     1
290
     0
176
     1
 90
       50
176
     1
 90
       50
176
     1
 90
       50
176
     1
290
     0
176
     1
 90
       50
176
     1
 62
   256
176
     0
 40
1.0
176
     0
 90
        2
176
     1
  1
strokes_ogs.tif
176
     1
290
     0
176
     1
 40
1.0
176
     1
 40
1.0
176
     1
  0
DICTIONARYVAR
  5
57
102
{ACAD_REACTORS
330
56
102
}
330
56
100
DictionaryVariables
280
     0
  1
250.000000
  0
DICTIONARYVAR
  5
58
102
{ACAD_REACTORS
330
56
102
}
330
56
100
DictionaryVariables
280
     0
  1
1
  0
DICTIONARYVAR
  5
59
102
{ACAD_REACTORS
330
56
102
}
330
56
100
DictionaryVariables
280
     0
  1
1:1
  0
DICTIONARYVAR
  5
1F0
102
{ACAD_REACTORS
330
56
102
}
330
56
100
DictionaryVariables
280
     0
  1
Standard
  0
DICTIONARYVAR
  5
5B
102
{ACAD_REACTORS
330
56
102
}
330
56
100
DictionaryVariables
280
     0
  1
Standard
  0
DICTIONARYVAR
  5
1F1
102
{ACAD_REACTORS
330
56
102
}
330
56
100
DictionaryVariables
280
     0
  1
Imperial24
  0
DICTIONARYVAR
  5
1F2
102
{ACAD_REACTORS
330
56
102
}
330
56
100
DictionaryVariables
280
     0
  1
Imperial24
  0
DICTIONARYVAR
  5
5E
102
{ACAD_REACTORS
330
56
102
}
330
56
100
DictionaryVariables
280
     0
  1
0
  0
DICTIONARYVAR
  5
5F
102
{ACAD_REACTORS
330
56
102
}
330
56
100
DictionaryVariables
280
     0
  1
2
  0
DICTIONARYVAR
  5
60
102
{ACAD_REACTORS
330
56
102
}
330
56
100
DictionaryVariables
280
     0
  1
1
  0
DICTIONARYVAR
  5
61
102
{ACAD_REACTORS
330
56
102
}
330
56
100
DictionaryVariables
280
     0
  1
31
  0
DICTIONARYVAR
  5
62
102
{ACAD_REACTORS
330
56
102
}
330
56
100
DictionaryVariables
280
     0
  1
1
  0
DICTIONARYVAR
  5
63
102
{ACAD_REACTORS
330
56
102
}
330
56
100
DictionaryVariables
280
     0
  1
1
  0
DICTIONARYVAR
  5
64
102
{ACAD_REACTORS
330
56
102
}
330
56
100
DictionaryVariables
280
     0
  1
0
  0
DICTIONARYVAR
  5
65
102
{ACAD_REACTORS
330
56
102
}
330
56
100
DictionaryVariables
280
     0
  1
0.000000;0.000000
  0
DICTIONARYVAR
  5
66
102
{ACAD_REACTORS
330
56
102
}
330
56
100
DictionaryVariables
280
     0
  1
ByLayer
  0
DICTIONARYVAR
  5
67
102
{ACAD_REACTORS
330
56
102
}
330
56
100
DictionaryVariables
280
     0
  1
0
  0
DICTIONARYVAR
  5
68
102
{ACAD_REACTORS
330
56
102
}
330
56
100
DictionaryVariables
280
     0
  1
0
  0
DICTIONARYVAR
  5
69
102
{ACAD_REACTORS
330
56
102
}
330
56
100
DictionaryVariables
280
     0
  1
0
  0
DICTIONARYVAR
  5
6A
102
{ACAD_REACTORS
330
56
102
}
330
56
100
DictionaryVariables
280
     0
  1
2
  0
DICTIONARYVAR
  5
6B
102
{ACAD_REACTORS
330
56
102
}
330
56
100
DictionaryVariables
280
     0
  1
1.000000
  0
DICTIONARYVAR
  5
6C
102
{ACAD_REACTORS
330
56
102
}
330
56
100
DictionaryVariables
280
     0
  1
1
  0
DICTIONARYVAR
  5
6D
102
{ACAD_REACTORS
330
56
102
}
330
56
100
DictionaryVariables
280
     0
  1
2
  0
DICTIONARYVAR
  5
6E
102
{ACAD_REACTORS
330
56
102
}
330
56
100
DictionaryVariables
280
     0
  1
1
  0
DICTIONARYVAR
  5
6F
102
{ACAD_REACTORS
330
56
102
}
330
56
100
DictionaryVariables
280
     0
  1
0
  0
DICTIONARYVAR
  5
70
102
{ACAD_REACTORS
330
56
102
}
330
56
100
DictionaryVariables
280
     0
  1
127
  0
DICTIONARY
  5
18
330
16
100
AcDbDictionary
280
     1
281
     1
  0
DICTIONARY
  5
50
330
4F
100
AcDbDictionary
280
     1
281
     1
  3
FBXASSET
360
51
  0
DICTIONARY
  5
4D
330
4C
100
AcDbDictionary
280
     1
281
     1
  3
FBXASSET
360
4E
  0
DICTIONARY
  5
D
330
B
100
AcDbDictionary
280
     1
281
     1
  3
FBXASSET
360
10
  0
DICTIONARY
  5
1ED
330
75
100
AcDbDictionary
280
     1
281
     1
  3
ACAD_ROUNDTRIP_2008_TABLESTYLE_CELLSTYLEMAP
360
1EE
  0
XRECORD
  5
51
102
{ACAD_REACTORS
330
50
102
}
330
50
100
AcDbXrecord
280
     1
 70
     1
 90
429727718
  1
508B35C9-AEE7-456F-BE74-D52651303AC6
310
504B03040A0000080000B670623B3DEE336E79000000790000001B0000006175746F6465736B2D64657369676E2D7061636B6167652E786D6C3C3F786D6C2076657273696F6E3D22312E302220656E636F64696E673D227574662D3822203F3E3C666F726D6174733E3C666F726D61743E687474703A2F2F736368656D612E
310
6175746F6465736B2E636F6D2F64657369676E2D7061636B6167652F323030393C2F666F726D61743E3C2F666F726D6174733E504B0304140006080800B670623BD486FD9CA0000000F4000000130000005B436F6E74656E745F54797065735D2E786D6C7D8EC10E82300C865F65E91D8A1E8C310C0EEA1BF002731658846E
310
D98AC1B77784ABF1D8FE5FBFBF75BBCE937A534CCEB38643598122B6FEE978D0B0485F9C41B54DDD7D022595594E1A469170414C76A4D9A4D207E29CF43ECE46F218070CC6BECC4078ACAA135ACF422C856C0E68EA1BF5669944DDD7BCDE7B1F8E415D77AECB980613C2E4AC91FC167A2B244592486606FC29C8FD7F045B9A
310
EF7053A7E60B504B0304140006080800B670623B28ED286BEB0000007C01000008000000636F72652E786D6C8D90416EC3201045AF82665B6183218D6D61A254764FD00B204C5C94182C03558F5F9C3852BBEB6A467FFE9B197D71FA9E6FE8CBACC17AD7012D0820E3B41FAD9B3A48F1826B40272956EFE32F1B20A766D3C1
310
268314D3EAD3B24BDABB685CCCAAF3A3D94515828980F42D371D04FD696655A814B3235C8B45E9AB9A4C419F5D8653B2237A1CB163DE672FD6AC209BF3C08E0D1B30EB19C3FC9D72FCC6EB231EFA33EDE96BDD341517E5064B11EDFCBCAF57A3A2194156843498524CAA0FCA5B7268F9E185D42D21A2DCEC7FA0B48CFF8492
310
759155FBBB0F2C80A4F991FB408A72CB22977B50B96EB9C91F504B0304140006080800B670623B55019EA25F0000007C00000007000000636E782E786D6C4DCB3B0E80201045D1AD90E915ED2CF8AC45050C11660C8261F98AB1B07AC9C97D42D718D865D3E909258CFD00CCE24AC6E326A164D74DC0B4128928FF32603847
310
2BA13128B1252AC747C6BAB984FC68F0B87FE8960A5C09FE86CFB69FBA01504B0304140006080800B670623B7BC41AC871010000D40300000C0000006662782F636F72652E786D6CC553ED6E8320147D15C2DF4501B56B6D90A64BBB27D80B50A5CE54C120983EFEAE1F4DD7A56BBA5FF3879273EEE59E7310BE393735EA95
310
ED2AA333CC428A91D2B9292A5D66D8BB63B0C26823B835C67D2BC348CB46657880B1E0A535BE9DA1DC68A7B403549B42CDA0EC3AE530CA6B5864B8CB3F552343E91D5474A7B095F949962A6421D0502778E72C0840D390E18DC5F170E664C205F7BE2A66B62A605A75AC94C522DDEEE3651AEF837817C741F2CE92E02D592D
310
83FD6ECB76EC7595A651C2C9D02CB8AB9A8BBADC2AE954814544691A3016D0E883256BBA58278B17BA5A53CAC9507ED3E4DBE2C9265F691747B3DCA9ADC382819091F8E1162272A8933DE82182932144F88C09DF060D8140C84E1EEA8B8F1340BDCA9DB1093085F157AA97B557309586747CD0EF0B4EA64E983A6E0EAEEFCE
310
889E9EF17847386AA94B30211D2C0FDE0D3AF9A4610EAD5536E8DD1969631B593F67E381C33F5157F17725E5A636F6BF1491F980C8FC7B90E13E8A2F504B0304140006080800B670623B70102A487D0000009D0000000B0000006662782F636E782E786D6C4DCCD10A83201886E15B91FFDC95A5C30335ACCDFB886521330D
310
A76397BF1A1DECE883878F57749FD5A3B74D2F17830472A901D9F088930B8B849267CC01754AA418F3DF0D5018572BE160506249B16C274D761E8BCFBB7A179E27F65CB39A0F14D396184C9921B81F34C3ACA1B4B99ABB6E6F062A25AA5F69DF23ACBE504B0304140006080800B670623B3610CA3329010000120200003100
310
00006662782F42384135303843342D343331462D343546312D424341352D3532343432364645413344462F636F72652E786D6C8D515B6EC32010BC0AE22B55850D0E446E848992B43E412FE000495162B07854397EA176A4F62F3F2C9A9D991D58BEBB8F37F0AD7D30CE76905418026DA553C65E3A98E219B510EC04F7CEC5
310
3F3408EC30EA0E16180A7EF12E4D0B249D8DDAC68C5AA7F4020E21E80881BCE54B0783FCD2E3500D296646B856D320AFC34557A4CAEDCC133C449F0380794839A138B47B86DB2345744D7A44594FD0E1B867883594369BFE63BF7EEF793D0B054FC9A8456E548E63CE46FB674D8A58F068C6477CE9F510B582A2C1F80D1182
310
70F349E816B32D65AFB8DD62CCEB42FF274A937A52948C8DEB66893BCB021484D7734370E5D2E9F608A3EF93F3119479ABA0E50B14B8C298119A43CCC4FCFCECB8A18B6388CEE7EF5D5D4F994BD86CBBA182D76543B9FCAE2FD7B24DF103504B0304140006080800B670623B1B8617914E0100003303000030000000666278
310
2F42384135303843342D343331462D343546312D424341352D3532343432364645413344462F636E782E786D6CD593C16EC32010447F0571AD6CE3D489D20813A9877E410FBD62D82434182CC055F3F75D1292E692438FBD206B7698593D61BEFD1E2DF982108D773D6D6B460938E5B571FB9ECE6957AD29D90A1EBC4F7736
310
4A9C1CA1A759A682EF839FA72269D8C9D92654AD71C72206887E0E0A22CAF926B15E498B01E0AA19451807D01A34B919F16B070157417138917400F2F6FA41FCF0092A45DEE414C19BDC21783E4BD39D891265658C3D8DEA00A3ACE59CBC8678ACB54CB26EEB6BD7839D7E9348BE70AD9C8321B9BCA7F9A4A26C542347DEE0
310
50F09802D22BA6749A800A394DD62899107273365E3C82CFC6A55557BC06C10774B7ABE7AEC3B0F34CF06446280E154026D0542C187BA9DAB6628BF7B6DBB0E5A65B3EB1F58631DE64BBE083F7B65CC218087E22CABB042E51D1F2268F1FE12B3EA24D40D63E9CFE00120194D60B9D5BC67FE6D39CDF37E20AF817881F504B
310
0304140006080800B670623BBFEF2E3B690500003C100000340000006662782F42384135303843342D343331462D343546312D424341352D3532343432364645413344462F6F626A656374732E786D6CAD575D739B3814FD2B0CFB0C98D84E931D4227B6938EA793B6534F3BFB90198F0099B001899144EAECAFDF231018B0
310
D37A3FFC609090EEE7B94757C1FB7D915B2F54C88CB31BDB7727B64559CC938CA53776A576CE956DBD0F03C1B9EA2DB32D460A7A63EB693B0C52C1ABD24C257447AA5C8D66EF177F5832A68CDA569C13296F6C193FD182B8A4523CA1F2D94D88226EBADBBBBEDB2C1C8A4D05299F46424B222853B014F30C52ACC6287F389C
310
D85E1878FA7B18E87FB36AFAF62AAFF667A83F635211161F291B8999FAB3D5DDC5FCDA99CF6653677679E13B8BFBC5CAF1DF4D27CBCBE5F2FAF6EE1A8AA51290642C117467871F101B91C581D77CEA2C36869F3229E68CD1B8F61F1ED6361B89092D294B90C78C4A68EB793D190E7D1D9BDEE7A91E1B95FDE9F3BCEAEFE809
310
6A6D6F9F7D4B79F4275C90E7A04248AA51D5C4C738DAE06F72885AC4796EBE65D22A88A22223B995679120E2D50EB1542F098381188D4EA111AE3DB043FF20AF6F2B4AE3D7D83D65E5AECA730D4D3BAC91BD05FEA992B565D95F549CD6069B90AB2A63EACA38A45E4B6A87D781574F86817E4C2FCCC72690D62E2729520E37
310
9BAF234797BAF6D62B3BFC781FED37BA1E4F2B2F052FA9501A3E80569BB8F6A9A364D4FA67654E6F803383981F82F21591FF84F23D9882BC896C3FDBCF8C162508933B2E0AE4C69DD43F6BD2BE38DDDBF10BF86CB4FA784D37F3AF16075E67EC9030DECA1FC0A55373F5DFF3378C591FA9BDF485C10B0A8C8BA909E5262639
310
A8E72163488806A595734C81CB77D1DE0ED7604A303B76913CEC0272F412782FF88EFF4636D8AA56DF7B322474C4B767303F625997056C7B032C473C592B36CEBD15F3F9FF5233B7ABCDC74D257624A60F8658567497B14CE1EC3C80B76FD02011038F9EE9EB0F2E12387A9C844D3F09855125116D1D731DF8B43D2CF4E0A0
310
79A020C6BE946BCE0B7EA1E1219331CD73C228AF5A2DDD31A4B1DA918CE91350854D40A71723140BFA92E94E62B0626016CEFA5864A50E5977E8753CEDBEE1CBB7F52780D20E17AF0BA0F5F9B02A3AD07DCC732EB6D1EBB661421BE0C39E21BABF0FE16D22EA6929407C8DE596724C88B749B6DB5512BC7B228ADFD7CB7EA6
310
3A22397E690BA8D5D8D4E40CEC8CDA23C2C0B7D5898640101CEC9C6D331CE328CB93CAFBBAC70A642DF70DF95155945B52F08AA973C23469FD69ADEF84F7BB18F983A8F8C90E37F5D35980B2139A1C523540813E824EF83448CF7C72B598CE97D7CEEDDDDD3B6736BFBC771677EF66CE6A7E7139F7A793E9EDF2B2B3A8B624
310
0CDA13AA5F8388264EC4A0129909F3B7F5A16CEDF08128E97D680ACA4B9BE7B7B58BB638F0B00700EF36AE8B32A705658A68F83EE897FC2B41573190D1CCAF0B92D233A47CFEB019D9809933F67DD1A5467F8CF69AD9A5AE859342D45355448C64F968A371DC2D596ADC6E43D93D1B466F877A64E2893E54F23C4B40388995
310
525E5005DA3983ED45412510D3EFCA13737B3863F74BD30F2A12E5B4B5E489A025CE25500DB855B11ACE5BBFA185D35DD48D8DC3CE7DC69F2944DB42AA6F6CF09BCA622ADD08C7A36E7C6AE18000BAB08E040135C2D21C9D75B3A91B77BB746C403F38018DFE6EC939DD92F16B40BC05294B9CDA035AAD6D330AE27FE4786B
310
8E45145EA34A75BE1C263A676A35A8ACC6297337400BF16C54EF515F3F77CB77EB3583889C754FFA29081AA98E2222ADEF05DA3E63D2EDEA8B8756C05A7FB6CABC4A91CBF325398202CC952E70A008A830324BA200D5E5EF8F5F04C75DB4B0EE3340E071C98B823333B83577596BF3849B69F2085AA0FAFA212F26BEFF5877
310
FDE622B28D88A42E49E43326DA82D31E8CB006401E1DA726059ECEC168F97A6599036306A135688F9AD2E61A6EA178F4CD51974A9F2CCB9F36FE5EBD14601068D9C3BF01504B0304140006080000B670623B000000000000000000000000350000006662782F42384135303843342D343331462D343546312D424341352D35
310
32343432364645413344462F76657274696365732E62696E504B0304140006080800B670623BF270F1330600000004000000360000006662782F42384135303843342D343331462D343546312D424341352D3532343432364645413344462F747269616E676C65732E62696E636660600000504B0304140006080000B67062
310
3B000000000000000000000000370000006662782F42384135303843342D343331462D343546312D424341352D3532343432364645413344462F617474726962757465732E62696E504B0304140006080800B670623B08DA0BD19000000041010000360000006662782F42384135303843342D343331462D343546312D4243
310
41352D3532343432364645413344462F6469726563746F72792E786D6C858F410AC3201045AF22B36F53E9A60B35CBEEBAE80D244E44489C6234F4F835464A48035D0DF398FF9F8AF63D0E6CC63039F212F8F9020C7D47C6792B21C5FE7403D62A1188E2E60C98D7234A5830286103A55745067B9D86B8A3CF9C7F90C11DE6
310
07FB144396D7B6A82D282E9A152AD114D5EF2CB866EEE831B8EEA07A7BB5A8D7D61A2BAAEB7FD5F70921FF497D00504B0304140006080800B670623B3B4606F3FE000000A00100003B0000006662782F42384135303843342D343331462D343546312D424341352D3532343432364645413344462F7265736F75726365732F
310
636F72652E786D6C8D504B6E833010BD0A9A6D65B08134808CA354A427E8052C332156828DFCA97AFC9A40A576D7CDCCE87D344F8F9FBEE647F689CE6B6B7A6039850C8DB2A336530F315C4903D94970676DF82583CCC8197B5861107C72362E3BA4AC096842428D1D7107A5F71820538F74F4E0D50D6799CB1892C2DFF345
310
AABB9C306779A2934E701F5C0A906D4FD609C2A1B7D129F4BCD858C163D4E3AED163FAA9AF1A1D88F67CA98E6D35906AA82A52BFB39ABCD5CD915C86331BD86BD3B665CD8BD52C78D0F34F46E550061C419494B6843142CB0F5677F4D0D58717DA7494F26295FF31C565FCA7296A13AA728FBBD93C0896823C09C18BB5AFB4
310
9E65A6BD762BBE01504B010214000A0000080000B670623B3DEE336E79000000790000001B00000000000000000000000000000000006175746F6465736B2D64657369676E2D7061636B6167652E786D6C504B01021400140006080800B670623BD486FD9CA0000000F40000001300000000000000000000000000B2000000
310
5B436F6E74656E745F54797065735D2E786D6C504B01021400140006080800B670623B28ED286BEB0000007C010000080000000000000000000000000083010000636F72652E786D6C504B01021400140006080800B670623B55019EA25F0000007C000000070000000000000000000000000094020000636E782E786D6C50
310
4B01021400140006080800B670623B7BC41AC871010000D40300000C00000000000000000000000000180300006662782F636F72652E786D6C504B01021400140006080800B670623B70102A487D0000009D0000000B00000000000000000000000000B30400006662782F636E782E786D6C504B01021400140006080800B6
310
70623B3610CA3329010000120200003100000000000000000000000000590500006662782F42384135303843342D343331462D343546312D424341352D3532343432364645413344462F636F72652E786D6C504B01021400140006080800B670623B1B8617914E010000330300003000000000000000000000000000D10600
310
006662782F42384135303843342D343331462D343546312D424341352D3532343432364645413344462F636E782E786D6C504B01021400140006080800B670623BBFEF2E3B690500003C10000034000000000000000000000000006D0800006662782F42384135303843342D343331462D343546312D424341352D35323434
310
32364645413344462F6F626A656374732E786D6C504B01021400140006080000B670623B0000000000000000000000003500000000000000000000000000280E00006662782F42384135303843342D343331462D343546312D424341352D3532343432364645413344462F76657274696365732E62696E504B010214001400
310
06080800B670623BF270F133060000000400000036000000000000000000000000007B0E00006662782F42384135303843342D343331462D343546312D424341352D3532343432364645413344462F747269616E676C65732E62696E504B01021400140006080000B670623B00000000000000000000000037000000000000
310
00000000000000D50E00006662782F42384135303843342D343331462D343546312D424341352D3532343432364645413344462F617474726962757465732E62696E504B01021400140006080800B670623B08DA0BD1900000004101000036000000000000000000000000002A0F00006662782F42384135303843342D3433
310
31462D343546312D424341352D3532343432364645413344462F6469726563746F72792E786D6C504B01021400140006080800B670623B3B4606F3FE000000A00100003B000000000000000000000000000E1000006662782F42384135303843342D343331462D343546312D424341352D3532343432364645413344462F72
310
65736F75726365732F636F72652E786D6C504B0506000000000E000E0080040000651100000000
  0
XRECORD
  5
4E
102
{ACAD_REACTORS
330
4D
102
}
330
4D
100
AcDbXrecord
280
     1
 70
     1
 90
429727718
  1
887D55A9-D0DD-414E-B741-A7DCD4DA2B4C
310
504B03040A0000080000B670623B3DEE336E79000000790000001B0000006175746F6465736B2D64657369676E2D7061636B6167652E786D6C3C3F786D6C2076657273696F6E3D22312E302220656E636F64696E673D227574662D3822203F3E3C666F726D6174733E3C666F726D61743E687474703A2F2F736368656D612E
310
6175746F6465736B2E636F6D2F64657369676E2D7061636B6167652F323030393C2F666F726D61743E3C2F666F726D6174733E504B0304140006080800B670623BD486FD9CA0000000F4000000130000005B436F6E74656E745F54797065735D2E786D6C7D8EC10E82300C865F65E91D8A1E8C310C0EEA1BF002731658846E
310
D98AC1B77784ABF1D8FE5FBFBF75BBCE937A534CCEB38643598122B6FEE978D0B0485F9C41B54DDD7D022595594E1A469170414C76A4D9A4D207E29CF43ECE46F218070CC6BECC4078ACAA135ACF422C856C0E68EA1BF5669944DDD7BCDE7B1F8E415D77AECB980613C2E4AC91FC167A2B244592486606FC29C8FD7F045B9A
310
EF7053A7E60B504B0304140006080800B670623BBC1638F5EC0000007C01000008000000636F72652E786D6C8D90416EC3201045AF82665B61836BE2D8C24471DB9CA01740401C94182C03558F5F9C3852BBEB6A467FFE9B197D7EF89E6EE8CB2CC17AD7032D0820E394D7D68D3DA478C67B4007C117EFE32F1B202727D3C3
310
2A83E0E3E2D3BC49CABB685CCCAAF3DA6CA20CC14440EA969B1E82BA98491632C5EC08D76296EA2A4753D06797E194AC468F2356E77DF66CCD02825543D50CACC62D39ED70FDC68EB8FD68F6F8787A6784342D1DDA1D2F5758F068A7E77DB518198D065111D2624A31A93E69DD11D6D5EC85EC3B4278B9DAFF4069D6FF8492
310
75F1B5DADE7D600104CD8FDC0782976B16B9DC83CA75CD4DFC00504B0304140006080800B670623B55019EA25F0000007C00000007000000636E782E786D6C4DCB3B0E80201045D1AD90E915ED2CF8AC45050C11660C8261F98AB1B07AC9C97D42D718D865D3E909258CFD00CCE24AC6E326A164D74DC0B4128928FF326038
310
472BA13128B1252AC747C6BAB984FC68F0B87FE8960A5C09FE86CFB69FBA01504B0304140006080800B670623B3586FFB671010000D40300000C0000006662782F636F72652E786D6CC553ED6E8320147D15C2DF4541A76D6D90A6DDD627D80B50A4CE54C120983EFEAE1F4DD7A55BBA5FF3879273EEE59E7310B6393735EA
310
95ED2AA3731C851423A5A5292A5DE6D8BB63B0C268C39935C67D29C3488B46E578803167A535BE9D2169B453DA01AA4DA16650749D7218C91A1639EEE4876A4428BC838AEE14B6429E44A9C228041AEA38EB9C0501681A32BC313F1ECE8C4C3867DE57C5CC56054CAB8E95B298A7F12E5EEED224C8E87E11242FE936C8DE96
310
AB60BB7F4D295D66D12E5B30323473E6AAE6A24E5A259C2A308F29CD82280A68FC1E256B9AAE93F489AED694323294DF34F9B678B0C957DA3DC7B3DCA9ADC33C022123F1CD2D44E450277AD04338234388F01913BE0D1A0281909D38D4171F27807A259DB1093085F157AA17B557309586747CD0CF0B46A64E983A6E0EAEEF
310
CE881F9EF1FB8E70D44297604238581EBC1B74B249C31C5AAB6CD0BB33D2C636A27ECCC62F0EFF445DC5DF95244D6DEC7F2922F30191F9F720C37DE49F504B0304140006080800B670623B4220A0FF7D0000009D0000000B0000006662782F636E782E786D6C4DCCD10A83201886E15B91FFDCE542CB0335D0EC3E6259C84A
310
C3E9D8E5AF46073BFAE0E1E315DD675BD1DBA5978F41C2FD4600B9F088930F8B849267CC01754AA418F3DF0D50183727E164506249B1EC174D6E1ECB9A0F5D7D785E68DB8151CD286E5A5363CA6B8A39E90D36D40E96B086F55A43A544F52B1D7B86D517504B0304140006080800B670623B2FA3FEDE290100001202000031
310
0000006662782F45374635344235342D363743322D343832342D383044432D4334454645303536354442422F636F72652E786D6C8D515B6EC32010BC0AE22B55850D2E386E848994D7097A0117488A1283C5A3CAF10BB523B57FF961D1ECCCECC0F2ED7DBC816FED8371B687A4C210682B9D32F6D2C314CFA883602BB8772E
310
FEA141608751F7B0C050F08B77695A20E96CD43666D43AA5177008414708E42D5F7A18E4971E876A483133C2B59A06791D2EBA22556E679EE021FA1C00CC43CA09C5717D6274C7286AD7FB06D1AEA1A8C3873DDAD3E3E98859CB0EBB1DAF67A1E02919B5C88DCA71CCD968FFAC49110B1ECDF8882FBD1EA256503418BF2342
310
106E3E08DD60B6A1EC15771B8C795DE8FF4469524F8A92B1F1AD59E2CEB20005E1F5DC105CB9F4797B84D1F7C9F908CABC55D0F2050A5C61CC1AD2F27A26E6E767C7962E8E213A9FBF7775FDCC5CC266DB960A5E970DE5F2BBBE5CCB36C50F504B0304140006080800B670623B1B8617914E01000033030000300000006662
310
782F45374635344235342D363743322D343832342D383044432D4334454645303536354442422F636E782E786D6CD593C16EC32010447F0571AD6CE3D489D20813A9877E410FBD62D82434182CC055F3F75D1292E692438FBD206B7698593D61BEFD1E2DF982108D773D6D6B460938E5B571FB9ECE6957AD29D90A1EBC4F77
310
364A9C1CA1A759A682EF839FA72269D8C9D92654AD71C72206887E0E0A22CAF926B15E498B01E0AA19451807D01A34B919F16B070157417138917400F2F6FA41FCF0092A45DEE414C19BDC21783E4BD39D891265658C3D8DEA00A3ACE59CBC8678ACB54CB26EEB6BD7839D7E9348BE70AD9C8321B9BCA7F9A4A26C542347DE
310
E050F09802D22BA6749A800A394DD62899107273365E3C82CFC6A55557BC06C10774B7ABE7AEC3B0F34CF06446280E154026D0542C187BA9DAB6628BF7B6DBB0E5A65B3EB1F58631DE64BBE083F7B65CC218087E22CABB042E51D1F2268F1FE12B3EA24D40D63E9CFE00120194D60B9D5BC67FE6D39CDF37E20AF817881F50
310
4B0304140006080800B670623B29652116630500003C100000340000006662782F45374635344235342D363743322D343832342D383044432D4334454645303536354442422F6F626A656374732E786D6CAD575D739B3814FD2B0CFB0C989834C90EA1639B24E3E9A6EDD4D3CE3E64C623834CD8006224913AFDF57B040203
310
B65BEF871F0C12D2FD3CF7E8CA7FBFCB33E3957291B2E2D674ED8969D02262715A24B76625B7D6B569BC0F7CCE98EC2D338D82E4F4D654D366E0279C55A59E8AE99654991CCDDECFFF3444440B6A1A514684B83545F44C7362934AB2988A173B2692D8C97667BB76B3702836E1A47C1E092D09A78584A5982F20C5688C7287
310
C389E904BEA3BE07BEFAD7ABA6A75739B53F43FD69212429A20365233153D70BEF2E2E6FAC4BCF9B5ADEBB0BD79ADFCF43CBBD9A4E16EF168B9BD9DD0D140BC921495BC2E9D60C1E101B9E46BED37CEA2CD6861F3329624541A3DA7F7858DBAC25C6B4A4458C3CA654405BCFEBC970E8AAD8F43E4FD558ABEC4F9FE7557F47
310
4F506B7BFBEC5BCA367FC105710E2AB8A00A554D7CB4A30DFE26FBA86D18CBF4B75418399194A72433B274C3097F33032C554B027F2046A1932B842B0FCCC0DDCBEBDB8AD2F835768F59B9ADB24C41D30C6A64AF817F2A456D59FA83F2E3DA60137255A585BCD60EC9B7929AC18DEFD49381AF1ED30BFDB109A4B1CD488294
310
C3CDE6EBC8D185AABD6568061FEE37BB95AAC7E3CA4BCE4ACAA5820FA0D526AE7DAA2869B5EE5999531BE0CC20E6FBA07C41E43FA27CF7A6206F3CDD793B4F6B919C1462CB788EDCD893FA674CDA17AB7B3B7C019F8D561FAEE966FED562DFE98C1D12C6A9FC015C2A35D7FF3D7FC398F591DA4B5FE0BFA2C0189FEA50AE22
310
92817A1ED3020951A03432862970F976B33383259812CC8E5D240BBA801CBCF8CE2BBEE3BF910DB6AAD5F79E05123AE2DB33981FB1ACCB02B69D00CB014FD68AB573A7627EF9BFD4CC2C5C7D58557C4B22FAA88925A4DBB44825CECE3D78FB060D1231F0E885BE7D673C86A3874958F593906B5502D1563157814FDAC3420D
310
F69A070A22EC4B98E23CFF171A1E5311D12C23056555ABA53B8614563B92D17D02AAB009E8F46284624E5F53D5490C560CCCC2591FF1B45421EB0EBD8EA7ED13BE7C5D7E0428CD60FEF60779EB13E6664FF711CB185F6FDED60D139A001FF60CD1FD6D086F1D51474901E26B2CB794A343BC8ED3EDB612E0DD2351FCB65CF4
310
33D511C9E14B5B40ADC6A6263DB0336A8F700DDF56271A024E70B0B3629DE21847591E55DED73D56206AB927E46FAABC5C939C55853C274C93D69FD6FA4E78BF8B11DF898C9ECD60553FAD39283BA6F18984AA23E8884F83F45C5F5F859797B31B2B9C84A1E5B9DE9D35BFF25C6B76152E422F9C5DCC3D847F5801ED09D5AF
310
41441327A25FF15487F9EB725FB666F048A4701E9A827292E6F97569A32DF61DEC01C0BB8DCBBCCC684E0B49147C1FD54BF685A0AB18C868E6973949E819523E3DAC463660E68C7D9F55A9D1EFA3BD7A76A16AE1A810F95CE59B82A4D968A376DC2E8B44BBDD86B27B368CDE0ED548C7137DA860591A83706223A12CA712B4
310
7306DBF39C0A20A6DF95C7FAF670C6EED7A61F946493D1D6926782963813403548A78AE470DEF80D2D9CEAA26E4D1C76F60BFE74219A06527D6B82DF641A51616F703CAAC6A7160E08A00BEB4810A0274592A1B36E3675E36E978A0DE80727A0D6DF2D39A75BD27E0D8837276589537B40ABB56D5A41F48F1C6FCD3188C4EB
310
A6929D2FFB89CE995A4D00AE813BDD032DC48B56BD437DFDDC2DD7AED70C2272D63DE9A72068A45A92F0A4BE17A8A06B9366E16707AD80B1FC649459952097E74BB23805982B55E0401150A165964402AA8BDF9F3E7386BB686EDCA780C0D382E5392BF460A6EFB2C6EA1937D3F809B440D5F5435C4C5CF7A9EEFAF54564BD
310
2182DA24162F98680B4E7930C21A0079709CEAEB99A372305ABE0C0D7D6078105A83F6A0296DAEE1068A47DD1C55A9F4C9B2FC69E3EFD44B81028E963DF81B504B0304140006080000B670623B000000000000000000000000350000006662782F45374635344235342D363743322D343832342D383044432D433445464530
310
3536354442422F76657274696365732E62696E504B0304140006080800B670623BF270F1330600000004000000360000006662782F45374635344235342D363743322D343832342D383044432D4334454645303536354442422F747269616E676C65732E62696E636660600000504B0304140006080000B670623B00000000
310
0000000000000000370000006662782F45374635344235342D363743322D343832342D383044432D4334454645303536354442422F617474726962757465732E62696E504B0304140006080800B670623B08DA0BD19000000041010000360000006662782F45374635344235342D363743322D343832342D383044432D4334
310
454645303536354442422F6469726563746F72792E786D6C858F410AC3201045AF22B36F53E9A60B35CBEEBAE80D244E44489C6234F4F835464A48035D0DF398FF9F8AF63D0E6CC63039F212F8F9020C7D47C6792B21C5FE7403D62A1188E2E60C98D7234A5830286103A55745067B9D86B8A3CF9C7F90C11DE607FB144396
310
D7B6A82D282E9A152AD114D5EF2CB866EEE831B8EEA07A7BB5A8D7D61A2BAAEB7FD5F70921FF497D00504B0304140006080800B670623B6378F24DFF000000A00100003B0000006662782F45374635344235342D363743322D343832342D383044432D4334454645303536354442422F7265736F75726365732F636F72652E
310
786D6C8D504B6E833010BD0A9A6D65B0094E42641C85B639412F6099496225D8C89FAAC7AF09546A77DDCC8CDE47F3F4C4F16B7C149FE88371B603565228D06A37187BED20C50BD9437194C23B177FC9A0B06AC40E6618A4B87A97A615D2CE46B431A3D60DB8822A048C50E8473E3A08FA86A32A558A5911EEE5A4F45D5DB1
310
6465A6B34E8A107D0E502C4FE609D26370C96B0CA25A58295232C3AA3143FE692E063D485EF7F5AEE71BD2D2F39634AFFC44DAF7DD9E9CCE6F9CD25DCBFA762BAAD92C4534E34F46ED51451C40D694B6843142EB0FD61C283F34FC85EE0F948A6A96FF31A569F8A729191B37F51A77B105902C0779125254735F793DCBCC7B
310
EE567E03504B010214000A0000080000B670623B3DEE336E79000000790000001B00000000000000000000000000000000006175746F6465736B2D64657369676E2D7061636B6167652E786D6C504B01021400140006080800B670623BD486FD9CA0000000F40000001300000000000000000000000000B20000005B436F6E
310
74656E745F54797065735D2E786D6C504B01021400140006080800B670623BBC1638F5EC0000007C010000080000000000000000000000000083010000636F72652E786D6C504B01021400140006080800B670623B55019EA25F0000007C000000070000000000000000000000000095020000636E782E786D6C504B010214
310
00140006080800B670623B3586FFB671010000D40300000C00000000000000000000000000190300006662782F636F72652E786D6C504B01021400140006080800B670623B4220A0FF7D0000009D0000000B00000000000000000000000000B40400006662782F636E782E786D6C504B01021400140006080800B670623B2F
310
A3FEDE290100001202000031000000000000000000000000005A0500006662782F45374635344235342D363743322D343832342D383044432D4334454645303536354442422F636F72652E786D6C504B01021400140006080800B670623B1B8617914E010000330300003000000000000000000000000000D2060000666278
310
2F45374635344235342D363743322D343832342D383044432D4334454645303536354442422F636E782E786D6C504B01021400140006080800B670623B29652116630500003C10000034000000000000000000000000006E0800006662782F45374635344235342D363743322D343832342D383044432D4334454645303536
310
354442422F6F626A656374732E786D6C504B01021400140006080000B670623B0000000000000000000000003500000000000000000000000000230E00006662782F45374635344235342D363743322D343832342D383044432D4334454645303536354442422F76657274696365732E62696E504B01021400140006080800
310
B670623BF270F13306000000040000003600000000000000000000000000760E00006662782F45374635344235342D363743322D343832342D383044432D4334454645303536354442422F747269616E676C65732E62696E504B01021400140006080000B670623B0000000000000000000000003700000000000000000000
310
000000D00E00006662782F45374635344235342D363743322D343832342D383044432D4334454645303536354442422F617474726962757465732E62696E504B01021400140006080800B670623B08DA0BD190000000410100003600000000000000000000000000250F00006662782F45374635344235342D363743322D34
310
3832342D383044432D4334454645303536354442422F6469726563746F72792E786D6C504B01021400140006080800B670623B6378F24DFF000000A00100003B00000000000000000000000000091000006662782F45374635344235342D363743322D343832342D383044432D4334454645303536354442422F7265736F75
310
726365732F636F72652E786D6C504B0506000000000E000E0080040000611100000000
  0
XRECORD
  5
10
102
{ACAD_REACTORS
330
D
102
}
330
D
100
AcDbXrecord
280
     1
 70
     0
 90
1778669749
  1
9BF507EE-FAF7-4A99-A33D-4EE51894BC40
310
504B03040A0000080000B670623B3DEE336E79000000790000001B0000006175746F6465736B2D64657369676E2D7061636B6167652E786D6C3C3F786D6C2076657273696F6E3D22312E302220656E636F64696E673D227574662D3822203F3E3C666F726D6174733E3C666F726D61743E687474703A2F2F736368656D612E
310
6175746F6465736B2E636F6D2F64657369676E2D7061636B6167652F323030393C2F666F726D61743E3C2F666F726D6174733E504B0304140006080800B670623BD486FD9CA0000000F4000000130000005B436F6E74656E745F54797065735D2E786D6C7D8EC10E82300C865F65E91D8A1E8C310C0EEA1BF002731658846E
310
D98AC1B77784ABF1D8FE5FBFBF75BBCE937A534CCEB38643598122B6FEE978D0B0485F9C41B54DDD7D022595594E1A469170414C76A4D9A4D207E29CF43ECE46F218070CC6BECC4078ACAA135ACF422C856C0E68EA1BF5669944DDD7BCDE7B1F8E415D77AECB980613C2E4AC91FC167A2B244592486606FC29C8FD7F045B9A
310
EF7053A7E60B504B0304140006080800B670623BCA089DFFEC0000007C01000008000000636F72652E786D6C8D90416E83301045AF62CDB632D8402020E32882F604BD80653BC44AB011B6AB1EBF262152BBEB6A467FFE9B197D76FA9EEFE84BAFDE38DB03CD08206DA553C64E3DC470C1474027CE56E7C22F1B202B66DDC3
310
260367D3EAE2B24BD2D9A06D48AA754AEFA2F05E0740F29E9A1EBCBCEA59642286E4F0B76C11F226269DD15797E0188D42CF2346A57DE662F40ABCAEC77628C6120F654571D50C04B7F5B9C1E3997CD4F550BE3745C3F20DE62C98F9755FAE5A04AD801784B498524C8A4F5A75E4D055873772EC0861F966FF03C545FD138A
310
C686B2D8DF7D621E384D8F3C069CE55B16A93C824A75CB8DFF00504B0304140006080800B670623B55019EA25F0000007C00000007000000636E782E786D6C4DCB3B0E80201045D1AD90E915ED2CF8AC45050C11660C8261F98AB1B07AC9C97D42D718D865D3E909258CFD00CCE24AC6E326A164D74DC0B4128928FF326038
310
472BA13128B1252AC747C6BAB984FC68F0B87FE8960A5C09FE86CFB69FBA01504B0304140006080800B670623B68FC0B7272010000D40300000C0000006662782F636F72652E786D6CC5535B6E833010BC8AE5DF0A6C1E8124328E22D29EA01770C0A128602363A31CBFCB234A53A555FA553EC09AD9F5CE8C31DB5DDA060D
310
D2F4B556190E7C8A9154852E6B5565D8D993B7C668C799D1DA7E29C3488956667884316795D1AE5BA0422B2B950554E9522EA0E87B69312A1A5864B82F3E642B7CE12C54F467BF13C55954D20F7CA0A18EB3DE1A1080E621E31BF3D3F1C2C88C73E65C5D2E6C5DC2B4FA544B8379921C36797888BC3C8A032F4E73EA6D927D
310
EA1DF6F42D49F2E8350D5346C666CE6CDD5ED515460A2B4BCC434A375E1078347C0FE22D5D6DE3D50B5D6F2965642CBF6B725DF96493AB958DC245EEDCD6631E809089F8E61622B2A81703E8219C913144F84C09DF070D8140C8561C9BAB8F3340832CAC363130A576376A108D933095FA747AD0CF0B46E64E983A6D0EAE1F
310
CE089F9EF1FB8E70D44255604258581E9D1D75B259C3125A278D37D80B52DAB4A279CEC62F0EFF44DDC43F9454E8469BFF5244960322CBEF41C6FBC83F01504B0304140006080800B670623B0F71DDB67E0000009D0000000B0000006662782F636E782E786D6C4DCCD10A83201886E15B91FFDCA54DB73F502386BB8F5816
310
32D3703976F9ABD1C18E3E78F87855FB990379BBFCF2296AE02706C4C5471A7C9C349475A408A4352AA7B4FEDD80C47E761A7606A3A69CCA72D0E0C6BE8475D3E0E3F3409428EA6B27A84079A782899AA2EC1A7AE3ECCC2FD858CB2D544655BFD2B67BD87C01504B0304140006080800B670623BE134B4FB28010000120200
310
00310000006662782F38353834323741342D343835462D343034322D383541392D4331303331363839454531452F636F72652E786D6C8D515B6EC32010BC0AE22B55850D0EA424C24451959EA0172086A42831583CAA1CBF503B52FB971F16CDCECC0EACD8DFC71BF836215AEF7A481A0C817183D7D65D7A98D3197108F652
310
04EFD31F1A044E8DA6871586525C82CFD3020DDE25E352419DD76601558C264130DCCAA58771F832A36A544E8511AFCDA486ABBA988634A55D7852C4144A00300FA927949C71DABD1D28A29C7D208A6987383B6CD13BC16BB2E1DBE3911C453B0BA5C8D9EA456E758963CFD684674DAA588A64C747FC2118958C86B2C3788B
310
0841B8FB247487D98EB257CC77188BB6D2FF89F2A49F1465EBD2BA5BE2CEB2082511EDDC9042FB7CBA3DC298FBE4430275DE2A9AE1054ADC60CC08E3A29D89E5F9C5714317C7987C28DFBBBA9E0A97B0D97643A568EB864AF95D5FA9759BF207504B0304140006080800B670623B1B8617914E010000330300003000000066
310
62782F38353834323741342D343835462D343034322D383541392D4331303331363839454531452F636E782E786D6CD593C16EC32010447F0571AD6CE3D489D20813A9877E410FBD62D82434182CC055F3F75D1292E692438FBD206B7698593D61BEFD1E2DF982108D773D6D6B460938E5B571FB9ECE6957AD29D90A1EBC4F
310
77364A9C1CA1A759A682EF839FA72269D8C9D92654AD71C72206887E0E0A22CAF926B15E498B01E0AA19451807D01A34B919F16B070157417138917400F2F6FA41FCF0092A45DEE414C19BDC21783E4BD39D891265658C3D8DEA00A3ACE59CBC8678ACB54CB26EEB6BD7839D7E9348BE70AD9C8321B9BCA7F9A4A26C542347
310
DEE050F09802D22BA6749A800A394DD62899107273365E3C82CFC6A55557BC06C10774B7ABE7AEC3B0F34CF06446280E154026D0542C187BA9DAB6628BF7B6DBB0E5A65B3EB1F58631DE64BBE083F7B65CC218087E22CABB042E51D1F2268F1FE12B3EA24D40D63E9CFE00120194D60B9D5BC67FE6D39CDF37E20AF817881F
310
504B0304140006080800B670623B5933D422630500003B100000340000006662782F38353834323741342D343835462D343034322D383541392D4331303331363839454531452F6F626A656374732E786D6CAD575B6FA33814FE2B887D0642934E9B156594264D158D3A534DD4D13E548A0C38942D60649B4EBABF7E3F8321
310
40924EF6928780CDF1B97EE762EFF32E4B8D37CA45C2F21BD3B547A641F39045491EDF98A5DC5AD7A6F1D9F73863B243661A39C9E88DA9B64DDF8B392B0BBD15D12D295339D85DDEFE618890E6D434C2940871638AF08566C426A5641115AF764424B1E3EDCE76ED9AB0CF36E6A47819302D08A7B984A6D8CFC1C5A89572FB
310
CB91E9F89EA3BEFB9EFAD754E3D3544E654F5F7E920B49F2F040D880CDD89D2CEE2E2EA7D6E56432B6269F2E5CEB7679BBB0DCABF168FE693E9FCEEEA6102C240727AD09A75BD3BF876F78127A4EFDA9D5582B7E4CA590E5390D2BFB6161A5B3E618D182E611E2985001691DAB47FDA5AB7CD3F93C566B2DB2BB7D9E55DD13
310
1D468DEECDB3AB290BFE8409E21C54704115AA6AFF68436BFC8DF65E0B184BF5B74418199194272435D224E084BF9B3E481589EFF5D828747285706581E9BB7B7E5D5D911ABFC6EE312DB7659A2A689A7E85EC0DF04FA5A8344BFEA2FCB834E8845895492EAFB541F2BDA0A63FF59C6AD3F7D4637CA13FD68E34B629891172
310
98597F1D183A57B9B75A98FE9765B05BAB7C3C2EBCE0ACA05C2AF8005A4DE09AA7F29216EB9E15397500C6F47CBE77CA7778FE2BD277AF0AE2C693DD6437D1522427B9D8329E2136F6A8FA19A3E6C56ADF0E5F50CF06D48734EDCEBF22F69C56D97EC138153F804B85E6FABFC7AFEFB32E523BE1F3BD372418E363EDCA7548
310
52949E8724474014288D94610BB57C1BEC4C7F854A89CA8E5324F55B871CBC78CE1BBEE3BFE68D6A5589EF3C730474506FCFA8FCF0659516D0ED04580EEA6425581B77CAE797FF4BCECC16EB2FEB926F49481F746159D06D922712BD730FDEAE42BD40F42C7AA5EF3F198F60E86110D6DD20645A9480B795CF95E3E3A659A8
310
C55E724F408873315335CFFB8584874484344D494E59D94869DB90C26A5B64F49C802CAC1D3ABE18A098D3B7444D123D8A9E5AE8F5214F0AE5B2B6E9B575DA3E61CBD3EA2B4009FA940524DD1305FB6A1FB294F14DF0BEA90BA109ECE1481FDC3FFAE8D60E75141700BE82725371B4873751B2DD960265F788137FACE6DD40
310
B575E4F0A5C99F46629D92131467A41EE11ABD8D4CCC039CA0AFB37C93A08B232B8F0AEFCA1E0A1015DF13FC83322B362463652ECF71D3A8B1A7D1BE65DE1D62C44F22C317D35F574FEB16153BA2D13E543D10A80E74C4A65E78A6B7CBCBD1D5DD9DB59C2DAFACC96C3AB566E3F1C29ADCDD5DBAD7D3C9ED7C822ED74F80A6
310
41755310DE4443F44A9E68373FADF6596BFA0F440AE7BECE2727AE9F4F2B1B53B1E7E00CF0DD1E5C65454A339A4BA2D0FBA05ED2EF0443458F47BDBFCA484CCFE0F2ED7E3DD0013B679C7B5499467F0ECEEADDB9CA85A34CE44B99053949D2C1416DB85DE4B136BB7165FBAC0B7AB3542BED4F8CA182A549847A1319316519
310
95A83A67147B9E5101C47487F2485F1ECE38FD568F839204296D3479219888530154036E6528FBFBC66F98E0D4107563A2D7D9AFF8D389681A08F58D89F22693900A3B407754734FC51C10C010D6D640809EE4718AC1BA3ED4AEDB53CA37283F68805A7E4B72CEB0A4EDEAD5DD8C14059A76AFAA56BA6901E13F32BC51C720
310
12AF41295B5BF61BAD3195181FB506E6B40F4C10AF5AF40EF9F5B159AE5DD1F43C72D635E94310D45C2D49785C5D0B94D3B54AB3C5A38349C0587D338AB48C11CBF339599C02CCA54A70A008A8D03C0B2201D5F9EFCF8F9CE12A9A19CB0410789EB32C63B95ECCF455D658BFE0621A3DA32C5075FB101723D77DAE867E7D0F
310
D90444509B44E2151B4DC2290B065803200FBAA9BE9D392A0603F2D5C2D00D6302A615680F66D2FA166E2079D4C551A54AB758161FCEFD4E450A14704CECFEDF504B0304140006080000B670623B000000000000000000000000350000006662782F38353834323741342D343835462D343034322D383541392D4331303331
310
363839454531452F76657274696365732E62696E504B0304140006080800B670623BF270F1330600000004000000360000006662782F38353834323741342D343835462D343034322D383541392D4331303331363839454531452F747269616E676C65732E62696E636660600000504B0304140006080000B670623B000000
310
000000000000000000370000006662782F38353834323741342D343835462D343034322D383541392D4331303331363839454531452F617474726962757465732E62696E504B0304140006080800B670623B08DA0BD19000000041010000360000006662782F38353834323741342D343835462D343034322D383541392D43
310
31303331363839454531452F6469726563746F72792E786D6C858F410AC3201045AF22B36F53E9A60B35CBEEBAE80D244E44489C6234F4F835464A48035D0DF398FF9F8AF63D0E6CC63039F212F8F9020C7D47C6792B21C5FE7403D62A1188E2E60C98D7234A5830286103A55745067B9D86B8A3CF9C7F90C11DE607FB1443
310
96D7B6A82D282E9A152AD114D5EF2CB866EEE831B8EEA07A7BB5A8D7D61A2BAAEB7FD5F70921FF497D00504B0304140006080800B670623BD9A3B367FE000000A00100003B0000006662782F38353834323741342D343835462D343034322D383541392D4331303331363839454531452F7265736F75726365732F636F7265
310
2E786D6C8D504B6E833010BD0A9A6D65B01D0201194711694FD00B586642AD043BF2A7EAF16B122AB5BB6E6646EFA3797AE2F8B5DC8A4FF4C1383B002B291468B59B8C9D0748F1420E501CA5F0CEC55F3228AC5A708015062966EFD27D83B4B3116DCCA875136EA00A012314FA968F0182FEC045952AC5AC08D7F2AEF455CD
310
58B232D3592745883E07289E4FD609D26370C96B0CA27AB252A464A64D63A6FCD35C0C7A904D73EE467EE664DCD58CD4ED4849D79C5A723ED1B7A61977AF2D6F45B59AA58866F9C9A83DAA8813484E6947182394BFB3BAA7FBBEDEBFD0434FA9A856F91F53BA4FFF342563E38E6F719FB60092E5200F428A6AED2BAF479979
310
AFDDCA6F504B010214000A0000080000B670623B3DEE336E79000000790000001B00000000000000000000000000000000006175746F6465736B2D64657369676E2D7061636B6167652E786D6C504B01021400140006080800B670623BD486FD9CA0000000F40000001300000000000000000000000000B20000005B436F6E
310
74656E745F54797065735D2E786D6C504B01021400140006080800B670623BCA089DFFEC0000007C010000080000000000000000000000000083010000636F72652E786D6C504B01021400140006080800B670623B55019EA25F0000007C000000070000000000000000000000000095020000636E782E786D6C504B010214
310
00140006080800B670623B68FC0B7272010000D40300000C00000000000000000000000000190300006662782F636F72652E786D6C504B01021400140006080800B670623B0F71DDB67E0000009D0000000B00000000000000000000000000B50400006662782F636E782E786D6C504B01021400140006080800B670623BE1
310
34B4FB280100001202000031000000000000000000000000005C0500006662782F38353834323741342D343835462D343034322D383541392D4331303331363839454531452F636F72652E786D6C504B01021400140006080800B670623B1B8617914E010000330300003000000000000000000000000000D3060000666278
310
2F38353834323741342D343835462D343034322D383541392D4331303331363839454531452F636E782E786D6C504B01021400140006080800B670623B5933D422630500003B10000034000000000000000000000000006F0800006662782F38353834323741342D343835462D343034322D383541392D4331303331363839
310
454531452F6F626A656374732E786D6C504B01021400140006080000B670623B0000000000000000000000003500000000000000000000000000240E00006662782F38353834323741342D343835462D343034322D383541392D4331303331363839454531452F76657274696365732E62696E504B01021400140006080800
310
B670623BF270F13306000000040000003600000000000000000000000000770E00006662782F38353834323741342D343835462D343034322D383541392D4331303331363839454531452F747269616E676C65732E62696E504B01021400140006080000B670623B0000000000000000000000003700000000000000000000
310
000000D10E00006662782F38353834323741342D343835462D343034322D383541392D4331303331363839454531452F617474726962757465732E62696E504B01021400140006080800B670623B08DA0BD190000000410100003600000000000000000000000000260F00006662782F38353834323741342D343835462D34
310
3034322D383541392D4331303331363839454531452F6469726563746F72792E786D6C504B01021400140006080800B670623BD9A3B367FE000000A00100003B000000000000000000000000000A1000006662782F38353834323741342D343835462D343034322D383541392D4331303331363839454531452F7265736F75
310
726365732F636F72652E786D6C504B0506000000000E000E0080040000611100000000
  0
CELLSTYLEMAP
  5
1EE
102
{ACAD_REACTORS
330
1ED
102
}
330
1ED
100
AcDbCellStyleMap
 90
        3
300
CELLSTYLE
  1
TABLEFORMAT_BEGIN
 90
        5
170
     1
 91
        0
 92
    32768
 62
   257
 93
        1
300
CONTENTFORMAT
  1
CONTENTFORMAT_BEGIN
 90
        0
 91
        0
 92
      512
 93
        0
300

 40
0.0
140
1.0
 94
        5
 62
     0
340
23
144
0.25
309
CONTENTFORMAT_END
171
     1
301
MARGIN
  1
CELLMARGIN_BEGIN
 40
0.06
 40
0.06
 40
0.06
 40
0.06
 40
0.18
 40
0.18
309
CELLMARGIN_END
 94
        6
 95
        1
302
GRIDFORMAT
  1
GRIDFORMAT_BEGIN
 90
        0
 91
        1
 62
     0
 92
       -2
340
0
 93
        0
 40
0.045
309
GRIDFORMAT_END
 95
        2
302
GRIDFORMAT
  1
GRIDFORMAT_BEGIN
 90
        0
 91
        1
 62
     0
 92
       -2
340
0
 93
        0
 40
0.045
309
GRIDFORMAT_END
 95
        4
302
GRIDFORMAT
  1
GRIDFORMAT_BEGIN
 90
        0
 91
        1
 62
     0
 92
       -2
340
0
 93
        0
 40
0.045
309
GRIDFORMAT_END
 95
        8
302
GRIDFORMAT
  1
GRIDFORMAT_BEGIN
 90
        0
 91
        1
 62
     0
 92
       -2
340
0
 93
        0
 40
0.045
309
GRIDFORMAT_END
 95
       16
302
GRIDFORMAT
  1
GRIDFORMAT_BEGIN
 90
        0
 91
        1
 62
     0
 92
       -2
340
0
 93
        0
 40
0.045
309
GRIDFORMAT_END
 95
       32
302
GRIDFORMAT
  1
GRIDFORMAT_BEGIN
 90
        0
 91
        1
 62
     0
 92
       -2
340
0
 93
        0
 40
0.045
309
GRIDFORMAT_END
309
TABLEFORMAT_END
  1
CELLSTYLE_BEGIN
 90
        1
 91
        1
300
_TITLE
309
CELLSTYLE_END
300
CELLSTYLE
  1
TABLEFORMAT_BEGIN
 90
        5
170
     1
 91
        0
 92
        0
 62
   257
 93
        1
300
CONTENTFORMAT
  1
CONTENTFORMAT_BEGIN
 90
        0
 91
        0
 92
      512
 93
        0
300

 40
0.0
140
1.0
 94
        5
 62
     0
340
23
144
0.18
309
CONTENTFORMAT_END
171
     1
301
MARGIN
  1
CELLMARGIN_BEGIN
 40
0.06
 40
0.06
 40
0.06
 40
0.06
 40
0.18
 40
0.18
309
CELLMARGIN_END
 94
        6
 95
        1
302
GRIDFORMAT
  1
GRIDFORMAT_BEGIN
 90
        0
 91
        1
 62
     0
 92
       -2
340
0
 93
        0
 40
0.045
309
GRIDFORMAT_END
 95
        2
302
GRIDFORMAT
  1
GRIDFORMAT_BEGIN
 90
        0
 91
        1
 62
     0
 92
       -2
340
0
 93
        0
 40
0.045
309
GRIDFORMAT_END
 95
        4
302
GRIDFORMAT
  1
GRIDFORMAT_BEGIN
 90
        0
 91
        1
 62
     0
 92
       -2
340
0
 93
        0
 40
0.045
309
GRIDFORMAT_END
 95
        8
302
GRIDFORMAT
  1
GRIDFORMAT_BEGIN
 90
        0
 91
        1
 62
     0
 92
       -2
340
0
 93
        0
 40
0.045
309
GRIDFORMAT_END
 95
       16
302
GRIDFORMAT
  1
GRIDFORMAT_BEGIN
 90
        0
 91
        1
 62
     0
 92
       -2
340
0
 93
        0
 40
0.045
309
GRIDFORMAT_END
 95
       32
302
GRIDFORMAT
  1
GRIDFORMAT_BEGIN
 90
        0
 91
        1
 62
     0
 92
       -2
340
0
 93
        0
 40
0.045
309
GRIDFORMAT_END
309
TABLEFORMAT_END
  1
CELLSTYLE_BEGIN
 90
        2
 91
        1
300
_HEADER
309
CELLSTYLE_END
300
CELLSTYLE
  1
TABLEFORMAT_BEGIN
 90
        5
170
     1
 91
        0
 92
        0
 62
   257
 93
        1
300
CONTENTFORMAT
  1
CONTENTFORMAT_BEGIN
 90
        0
 91
        0
 92
      512
 93
        0
300

 40
0.0
140
1.0
 94
        2
 62
     0
340
23
144
0.18
309
CONTENTFORMAT_END
171
     1
301
MARGIN
  1
CELLMARGIN_BEGIN
 40
0.06
 40
0.06
 40
0.06
 40
0.06
 40
0.18
 40
0.18
309
CELLMARGIN_END
 94
        6
 95
        1
302
GRIDFORMAT
  1
GRIDFORMAT_BEGIN
 90
        0
 91
        1
 62
     0
 92
       -2
340
0
 93
        0
 40
0.045
309
GRIDFORMAT_END
 95
        2
302
GRIDFORMAT
  1
GRIDFORMAT_BEGIN
 90
        0
 91
        1
 62
     0
 92
       -2
340
0
 93
        0
 40
0.045
309
GRIDFORMAT_END
 95
        4
302
GRIDFORMAT
  1
GRIDFORMAT_BEGIN
 90
        0
 91
        1
 62
     0
 92
       -2
340
0
 93
        0
 40
0.045
309
GRIDFORMAT_END
 95
        8
302
GRIDFORMAT
  1
GRIDFORMAT_BEGIN
 90
        0
 91
        1
 62
     0
 92
       -2
340
0
 93
        0
 40
0.045
309
GRIDFORMAT_END
 95
       16
302
GRIDFORMAT
  1
GRIDFORMAT_BEGIN
 90
        0
 91
        1
 62
     0
 92
       -2
340
0
 93
        0
 40
0.045
309
GRIDFORMAT_END
 95
       32
302
GRIDFORMAT
  1
GRIDFORMAT_BEGIN
 90
        0
 91
        1
 62
     0
 92
       -2
340
0
 93
        0
 40
0.045
309
GRIDFORMAT_END
309
TABLEFORMAT_END
  1
CELLSTYLE_BEGIN
 90
        3
 91
        2
300
_DATA
309
CELLSTYLE_END
  0
ENDSEC
  0
SECTION
  2
ACDSDATA
 70
     2
 71
     2
  0
ACDSSCHEMA
 90
        0
  1
AcDb_Thumbnail_Schema
  2
AcDbDs::ID
280
    10
 91
        8
  2
Thumbnail_Data
280
    15
 91
        0
101
ACDSRECORD
 95
        0
 90
        2
  2
AcDbDs::TreatedAsObjectData
280
     1
291
     1
101
ACDSRECORD
 95
        0
 90
        3
  2
AcDbDs::Legacy
280
     1
291
     1
101
ACDSRECORD
  1
AcDbDs::ID
 90
        4
  2
AcDs:Indexable
280
     1
291
     1
101
ACDSRECORD
  1
AcDbDs::ID
 90
        5
  2
AcDbDs::HandleAttribute
280
     7
282
     1
  0
ACDSSCHEMA
 90
        1
  1
AcDb3DSolid_ASM_Data
  2
AcDbDs::ID
280
    10
 91
        8
  2
ASM_Data
280
    15
 91
        0
101
ACDSRECORD
 95
        1
 90
        2
  2
AcDbDs::TreatedAsObjectData
280
     1
291
     1
101
ACDSRECORD
 95
        1
 90
        3
  2
AcDbDs::Legacy
280
     1
291
     1
101
ACDSRECORD
  1
AcDbDs::ID
 90
        4
  2
AcDs:Indexable
280
     1
291
     1
101
ACDSRECORD
  1
AcDbDs::ID
 90
        5
  2
AcDbDs::HandleAttribute
280
     7
282
     1
  0
ACDSSCHEMA
 90
        2
  1
AcDbDs::TreatedAsObjectDataSchema
  2
AcDbDs::TreatedAsObjectData
280
     1
 91
        0
  0
ACDSSCHEMA
 90
        3
  1
AcDbDs::LegacySchema
  2
AcDbDs::Legacy
280
     1
 91
        0
  0
ACDSSCHEMA
 90
        4
  1
AcDbDs::IndexedPropertySchema
  2
AcDs:Indexable
280
     1
 91
        0
  0
ACDSSCHEMA
 90
        5
  1
AcDbDs::HandleAttributeSchema
  2
AcDbDs::HandleAttribute
280
     7
 91
        1
284
     1
  0
ACDSRECORD
 90
        0
  2
AcDbDs::ID
280
    10
320
16
  2
Thumbnail_Data
280
    15
 94
     4564
310
89504E470D0A1A0A0000000D49484452000001000000007408030000005D681C3700000300504C5445FFFFFFFFFFFFFFFFFF0000000000000000000000000000000000000000000000000000330000660000990000CC0000FF0033000033330033660033990033CC0033FF0066000066330066660066990066CC0066FF0099
310
000099330099660099990099CC0099FF00CC0000CC3300CC6600CC9900CCCC00CCFF00FF0000FF3300FF6600FF9900FFCC00FFFF3300003300333300663300993300CC3300FF3333003333333333663333993333CC3333FF3366003366333366663366993366CC3366FF3399003399333399663399993399CC3399FF33CC00
310
33CC3333CC6633CC9933CCCC33CCFF33FF0033FF3333FF6633FF9933FFCC33FFFF6600006600336600666600996600CC6600FF6633006633336633666633996633CC6633FF6666006666336666666666996666CC6666FF6699006699336699666699996699CC6699FF66CC0066CC3366CC6666CC9966CCCC66CCFF66FF0066
310
FF3366FF6666FF9966FFCC66FFFF9900009900339900669900999900CC9900FF9933009933339933669933999933CC9933FF9966009966339966669966999966CC9966FF9999009999339999669999999999CC9999FF99CC0099CC3399CC6699CC9999CCCC99CCFF99FF0099FF3399FF6699FF9999FFCC99FFFFCC0000CC00
310
33CC0066CC0099CC00CCCC00FFCC3300CC3333CC3366CC3399CC33CCCC33FFCC6600CC6633CC6666CC6699CC66CCCC66FFCC9900CC9933CC9966CC9999CC99CCCC99FFCCCC00CCCC33CCCC66CCCC99CCCCCCCCCCFFCCFF00CCFF33CCFF66CCFF99CCFFCCCCFFFFFF0000FF0033FF0066FF0099FF00CCFF00FFFF3300FF3333
310
FF3366FF3399FF33CCFF33FFFF6600FF6633FF6666FF6699FF66CCFF66FFFF9900FF9933FF9966FF9999FF99CCFF99FFFFCC00FFCC33FFCC66FFCC99FFCCCCFFCCFFFFFF00FFFF33FFFF66FFFF99FFFFCCFFFFFF0000000D0D0D1A1A1A2828283535354343435050505D5D5D6B6B6B787878868686939393A1A1A1AEAEAEBB
310
BBBBC9C9C9D6D6D6E4E4E4F1F1F1FFFFFF000000000000000000000000000000000000000000000000000000000000AD4AB4E4000004D84944415478DAED9C6D96EB200886D941FFB1FFB5B19269538D0226F18318AD93997BA7E74C27C9FB0888040BB0E0F17ABD60E9E31FC03F801F054044AB02A0FD580F00F163290024
310
C5AF0380D2E3BE04003AB3F93C3F9816005DFAFBCF02A0CC50F78B00A828CC67CD04D300A0E2292EEF6D1300A08AD93D5BFFE0000AB58B34208BD5B0004AC73D7AE3F7DFBC00EA4C5EBC35FB6F47024054E9EED573E020002875F45A113F08800E8EBE25810700D0EDCA4B087404D04FF85800FAEB1E2413EC2D3C3A73C9C5
310
CC01D04323EE73A0D26B9A0178CCD20F2F9DF7C7AD009A07BC099381B9D50268BE72ABA1D0E901B70168BF64BBA7988699020046D76C3A01590D7C0500B3D056778633D9F8FEEA0560A44503D1473910BEBFFA58C048DA3FD2BFCA83FEFB2D207D6FB7A4737431EEE89563EF20783F808B40B7E9461276FF1300E82AC81332
310
8BA7E2A58F150063E957BABDC5EB71EF0A00F8B3D7FB077C737765F1D4B2F86DB7801E96EE2E1447BA6B8BEB9407DCAE7B1FF60B8BEF0FA05E7FB6F0B7B32344467FCBA3B05A0015518F0A86FC2D1BC2F45E35BF0C03A050F7F68DFB0BAFFFAE12600B00C8884245961EF443D0DF561CB97D1A6CD3ED623A12D71F816808B4
310
1D008444B5CCD2298AE9FEA7D2EFE31FC10C000A9473DDFE17A4F443A3FE5E008A467CD7AF5611483AFE6DFA470670A9DB4B17A96B327044712032817101E48CB8947E713EEDFF9FC51E8C094035DF484B8F2A139977EB4DC02A0474B0000E23739196610218E91F1680B2066C2D09A4B281715D20BE82512DC49B009B0D69
310
1A001645019D0D4D640136651169024B59006CD9A0D4BF1400A4C45268310B90A9C06A16A0F58F9D0794B56157A44283CF02E600441E3CBC0B5803885C609254F83E1730CC034A6FEF71174063179808C03DA9F04C16C00B83B8A20B58E60195B7F7A80B98A6C2F301304E8567B4803B5CA0F4FEC64A851703609B0ACF07C0
310
3815EE00C0B6332EB8C0FE746C3500CEFFF7A763EFD74B01D00F06682500AE47C6AE2A3C21008C9F8E3757852703E0F583752A3C1100D61D80AB0541D72C16E70138BE0BB4D4DEB40748FD00CB0088BB43C3F86F26B00400F25D527CFC8D6681C21BEC0C20EAAF91FAD168161812C05177B45F07EC99F08F01906D74EE3FD5
310
1D65D222331000253B7410BA7720AB837CF55BA5C2CF0138EC95459FF47AFDAA577CD7DF7C3C0040378CEEADD12EB621C66BBEB47E44B1576278005A366E63CDF641807E09D1EE103EFE60A0BF1B8094A58B022FBAFD4FC0C63F91FFC5DB652C00941D0D8D921877FEB3C21EBB1FB93BE420FE81990B7401C01E6CFA2C2E11
310
0C9CFFCBEDCE09FBF72E2073DAFC4A6C57004723AEF683249BC991B708B2533502A05E1610DD3D333FBEFDEB583FA9F10F3BA6660010621AC8B90DC4B609DE4CAFF7CCB044701E00EA9146ECE1A96D237AE600B56D8C701E17D096EE44E3A16E9EABF247A3E10331E67101B11F0CF5075AC8FB0F37C820B2AAF02C00D43EC0
310
A3F13E0680A47BC5279A054E3C1CAE01F0A9C4D70408E78901679A730000C99D7393E501A74E9E0980EF9C6B0F82D017C0B1CE6C00B241A0D102A0EF2CD008007C368466A9F07400D40E6AB77E5A070052B414C0300FAEE30228CA05B49C05C44B21F760E0EC34BF18045375B495826062FBF41C004C8E900A229B07BA1605
310
1F04F05941869AF1D630B72D2A89E4078ED07161012D01FC018B86CBA11567F6480000000049454E44AE426082FF3E1D4E7B393C4DE03E6177583748882C0320B6230E122FE6C0F9317C92FC2A07F493889321BA49AA69C032004993404228A4CC369EAFB3FFFD8D3C0C9D1C12401BC9A9807F2C0380DCC795203985201C01
310
58774AF67A803B42DD13442194A6D0740854F32506DC7E1E50EBDEB52608932338BFEFF5B848B4CD80EC32FA01C180F2A6FFB6A00FB793B12865102DB1B4C5B6738017F7230D92C30EE979AB7BB7BE2F5A28A68E8A0C06058C578124E42FCF30711D08D3A1201E778D450E3BA984A43C305E055C2903D0423A18D9D4D03619
310
5CC560A82D61798002B693A04F2431801F3AA8BEA3183C0C86649B58E681C0C03400EC75701F0DBEB603D042C7BA37D53E60538308025402E985A2F110C08F93E9165E25095C67FDDD8E414908C2FD8E340F9A2E83C27DF87E101052BA1283B0FC133128E41719683D0484FC4880DA15A30E3C4EC7C1D0670D92B05F04B1F1
310
2A4065C0E76B08A0105E35C2F75783311C99D346080858D7013A14A454468310838FE7C336E16D46C40619B685B14B88BED07633842C28534EB9CC980A9C571510A6AB8A08F2534851CF8AA81CF81FA8026CBB4FAA88B147266270ED083600E07962DB73D2D321D81DE70FC8FA4428891AF2A51AA4D5E2C3CE308C8F320EA4
310
9491377148329A67400A4E5B812CCD000913F6BD4059B83F88A09909DB42D84D8DB2004AEF16CB00A43A0F4B4285E4D67EE0EA4E11CCCE75372CE2CF062D81F2D2DB05E0CF909D467F690B21850E770990AA048C8E93BC41FE23DC3C19E51220747601780B59CC9723122209F6045085403A2EA1D57C783FC99D033DDCEF6C
310
33C0BB9CEA400C6E26B7199F920E0BB45344E61BD4EDB88E7520147BC300FC16C4F5591241E90BCA2DE23227D54999104127E08200F2A0905F20E89D6906C84C34EBF690E641781DA3B29453C90AEC7EB87D70BD8F27DC2404A64812705FA0057E370D008CAF33B15A085216EBE50C84D71A407A2A9664374829C0CE475630
310
5D05DEE488482A73E13A20CF390317E6827E3F0008506F92913190C8212A3331F28619F04F6600E6C2CA76F09F3DCEFD4016EBB553D69BE5DD7ADFE81765007FDA430DD3CF9C90F86F2E833826C70C70652E248A4F2B82DC293E947BE57CF92579CF432E4008EBD6906D00D000BA2C030175B8DC4D5A6684E5F8947C5F88C7
310
7190F820A3002984751EE08C03500E0894C990DC175B4441297F920370938CDC2626C764F91F526187F510F06238329AA7FAB5106536A27ED730E01EA8FEEB037A61FC178D7F8ACE7415705BAA17CE6BB5C36601E6A47E6D84F43E69DD0D608EB821C9D698D486DE721560BBD27A4A487D3C0825BC8C4B250114AAAFDF1C82
310
2F0F203D1F63BD1B7C0B35CB0904FAC5207422D10632248D2B063EEABDC3D1DDCE552C0BA1F59498D714E825C35399970FEB76D9DF2EB3007CFF0F18F733AB7D9B5C03A001D000680034001A000D80064003A001D000680034001A000D80064003A001D000680034001A000D80064003A001D000680034001A000D80064003
310
E0DFADBF000A71B9ABE815AE220000000049454E44AE426082F7013CD197820893EEA0E822BB9E0911510E3F77CCAE058E04110FC5F4600A976B13408CFFD4217B62E5F1A22CEF01E0BD2188EC4F9636009909564DF69E69F1F077C8D4E601F007879609928ED3B9059225C8BB867B01E0305DB80DA07EDB305F6824F4A169
310
62B513E49960BE71FE942014B6C0320B40F536428A055492D87EEA6D0022FFC96FA18195FA67CC08E5EC6C5D670128AFB70E401409E9AA2D3D6FA9E98B0909F5CD33DA3DF2659D6C01837213E5BDC5BDB8694C9F16C7566768DE16C04EA1C6681D1FBFC0FF0194EEDB37D120EA540000000049454E44AE426082D60F003091
310
AB1D03105DC6C3739EFB2D2F15DC30AE23BA953FE517D6C5C24DC2E700180F63AF8FA2B935E5D562C2A4B440F597C85936F1E3007488D0D35D0B009D3B1B01309E0B7C4403CCE524D35EAC05007208F9D0867F02806BA60C7A0088E4D1BF00C0451F2EEFCF73A7530392258829C42933FA2BDCE0E8CBD9BCF024AD23611A20
310
6DC2073500F08500704B8E452634FB233805B0AD25FD360054F54FAD07C29CF8653FD582A90E00A9D5B49962CD3DF76700F0893F04002D155000285F300301FE1000453021BA0B005600D0B201B1AD4C9A426610FCC985B1E0E44D00A802B80140896302336CF585E003100A006850C0FF0A4A3E27781280410CDF01207000
310
98EA621DC122950D008750EA4128657873B4EC56E10F005087BAD67CD823B39F797803D43E21ABEF9A8FBA7807EF8B583B85A1B700A04B75CE202BD1A1A87EFCD50B050B00DC5C947E0A9306E867C42EDA806500EC4156000406805CEBA21E37A00F40D388D20700DF0F006AB32F5D405D525BBC81288ED8C174BFB4DE7CC9
310
E90F03108600845500D460ABEA8A2E0BB5C58CD700809314E046B0F969BDECC5011A8062291821AA176065E5267BFE330054878F010500D89EF4DDA0F10D03D5BB3415283453421F05203D5A9611534EAB1AC44A0123E7AFE3B936A036BE9D735C61B99E985C06AE1A6B943048C5901A50C7B77DECEB39052F25F85E00F260
310
A30C749B992C3B44D651F87452A94E827C0A5C0360F2D2808EA41D47C63A0B5F02805AD8F9020060FE0B46025E68920B61E9C1C6853190CB673F0E00C83CA67C01749293CF1B5F0300FC0200700100E6CEE015DB5B0098450091E77A46F1209F33741714AED9807F0A001E107809AD4B00C0CF0070D1081A00182D53D35E40
310
7D85C06F06408476AFEB0F905FA1F0590AC83C2F8A6C863E9041EE2B3A04DE130A5F0020A5735D00CC76EA210280CD0CC1FF4AF91F07605E03BAD5414C0D02A337FE6900F0C92D2694CD45664102E071CB86F0DD00B0B70CAB2D6D7CE4A3BCD62A3B901AE01817EC15CD9FCD0758003028C37091C484E1329658FEAD0501EC
310
CEAF58D379781F006A7A6EB6453FF19F277600585886F53E00586EAEBF2DCD5AFA00F044983D8F68A617AF07800DF8DC28BC0180208AA30300FE070ACDE85F892A23360000000049454E44AE426082664DC00740FC8B0775AFF3971CC09D816E10589AA4D6B31D98F289351244CB041A00DA07607CE1064724884693D4EA3E
310
99E950B805A0C6E8F9A4DC73FD95096C431244B532F420DBBD5941187A811E00CADDF03104DE03D65D12E472E9230E98F4882A12D4FFC68B058064C66F49D076021C88460EF8B62BC2D6803100FDF1CC0D624B82E890602917BFE080B53860158055088CBAB8AC07F4BBC54A51F48509AC44825A2E21615324804A05B0CE01
310
DA060A009BF9E088AD70C0FE89E6C330171803501D6208D23DAE6B8006205585BB74989EABB071B7F8F18D0980F8B78172AFB07483BA0EA400000D4050F1C19B4080374EB65B06EB731504077CD01C08BCAA5ACF8E34202700C1520B15203ED680FF016A9A439785AD9BA30000000049454E44AE426082
  0
ENDSEC
  0
EOF
